frame,clipTime,clipDuration,elapsedTime,jfaMs,unifiedMs,selectedCameras
101,1.76359,4.08333,1.76359,6.21238,2.01005,127
102,1.77841,4.08333,1.77841,6.05626,2.38922,129
103,1.79317,4.08333,1.79317,6.89914,2.00877,130
104,1.80657,4.08333,1.80657,6.20938,2.01114,129
105,1.82016,4.08333,1.82016,6.19533,2.01206,127
106,1.83247,4.08333,1.83247,6.41386,2.01546,127
107,1.84525,4.08333,1.84525,6.18989,2.01494,128
108,1.85778,4.08333,1.85778,6.18621,2.01293,127
109,1.87126,4.08333,1.87126,5.70045,2.00704,127
110,1.88372,4.08333,1.88372,6.44365,2.00909,127
111,1.89641,4.08333,1.89641,6.1711,2.01014,123
112,1.90869,4.08333,1.90869,6.17018,2.01053,123
113,1.9213,4.08333,1.9213,6.41757,2.00512,125
114,1.93398,4.08333,1.93398,6.15971,2.00528,124
115,1.94653,4.08333,1.94653,6.16973,2.01536,117
116,1.95881,4.08333,1.95881,6.18019,2.50003,115
117,1.97206,4.08333,1.97206,6.19773,2.01853,114
118,1.98531,4.08333,1.98531,6.22432,2.0201,118
119,1.99795,4.08333,1.99795,6.19904,2.01786,113
120,2.01143,4.08333,2.01143,6.22979,2.0175,107
121,2.02407,4.08333,2.02407,6.57491,2.01843,105
122,2.03718,4.08333,2.03718,6.21517,2.34474,106
123,2.05093,4.08333,2.05093,6.24854,2.01683,105
124,2.06347,4.08333,2.06347,6.22,2.01728,108
125,2.07599,4.08333,2.07599,6.07146,2.02704,107
126,2.08941,4.08333,2.08941,6.25136,2.02685,106
127,2.10185,4.08333,2.10185,6.19238,2.01632,106
128,2.11435,4.08333,2.11435,6.55808,2.01382,99
129,2.1275,4.08333,2.1275,6.49696,2.02627,99
130,2.14092,4.08333,2.14092,5.71923,2.01891,101
131,2.15946,4.08333,2.15946,5.75574,2.02211,100
132,2.17734,4.08333,2.17734,6.49626,2.02547,94
133,2.19019,4.08333,2.19019,6.26499,2.0112,100
134,2.20271,4.08333,2.20271,5.70803,2.01062,101
135,2.2155,4.08333,2.2155,6.26083,2.01318,98
136,2.22851,4.08333,2.22851,6.21226,2.01181,102
137,2.24095,4.08333,2.24095,6.18365,2.0144,104
138,2.25356,4.08333,2.25356,6.24662,2.01117,105
139,2.26651,4.08333,2.26651,6.4537,2.01651,105
140,2.27944,4.08333,2.27944,6.22701,2.00851,105
141,2.29243,4.08333,2.29243,7.23603,2.31254,102
142,2.30771,4.08333,2.30771,6.87059,2.00922,101
143,2.32126,4.08333,2.32126,6.23725,2.01142,102
144,2.33362,4.08333,2.33362,6.24406,2.00896,100
145,2.3461,4.08333,2.3461,5.76627,2.01046,98
146,2.35837,4.08333,2.35837,6.596,2.00886,98
147,2.3714,4.08333,2.3714,6.59171,2.0176,97
148,2.38477,4.08333,2.38477,5.8343,2.01014,99
149,2.39795,4.08333,2.39795,6.30838,2.00838,100
150,2.41086,4.08333,2.41086,6.24675,2.0119,102
151,2.42379,4.08333,2.42379,6.56208,2.00573,101
152,2.43741,4.08333,2.43741,6.22384,2.00339,102
153,2.45147,4.08333,2.45147,9.12595,2.01318,103
154,2.46996,4.08333,2.46996,6.20595,2.50438,106
155,2.48305,4.08333,2.48305,6.57213,2.00499,104
156,2.49615,4.08333,2.49615,6.17229,2.00685,107
157,2.50932,4.08333,2.50932,6.56541,2.41869,106
158,2.5226,4.08333,2.5226,6.40864,2.00394,114
159,2.53661,4.08333,2.53661,6.18,2.42694,114
160,2.54967,4.08333,2.54967,6.10883,2.00438,112
161,2.56296,4.08333,2.56296,6.15536,2.00371,113
162,2.57578,4.08333,2.57578,6.28896,2.42138,115
163,2.58888,4.08333,2.58888,6.11539,2.0032,115
164,2.60243,4.08333,2.60243,6.13357,2.0287,124
165,2.61504,4.08333,2.61504,6.11395,2.00685,124
166,2.62758,4.08333,2.62758,6.08387,2.00032,126
167,2.64028,4.08333,2.64028,6.13142,2.00083,124
168,2.65321,4.08333,2.65321,6.25341,2.41629,126
169,2.6662,4.08333,2.6662,6.05715,2.00294,127
170,2.67878,4.08333,2.67878,6.08893,2.32454,127
171,2.69193,4.08333,2.69193,6.09616,2.43027,130
172,2.70451,4.08333,2.70451,6.47002,2.00586,127
173,2.7176,4.08333,2.7176,6.07962,2.0041,128
174,2.73146,4.08333,2.73146,6.48362,2.00499,128
175,2.7448,4.08333,2.7448,6.39946,2.00362,128
176,2.75775,4.08333,2.75775,6.06592,2.0055,129
177,2.76996,4.08333,2.76996,6.08778,2.00294,128
178,2.78259,4.08333,2.78259,6.10694,2.0017,129
179,2.79535,4.08333,2.79535,6.22054,2.0153,131
180,2.80822,4.08333,2.80822,6.07059,2.30026,131
181,2.82087,4.08333,2.82087,6.07274,2.01354,131
182,2.83385,4.08333,2.83385,6.09811,2.0009,132
183,2.84645,4.08333,2.84645,6.05459,2.00563,130
184,2.85906,4.08333,2.85906,6.0815,2.00298,129
185,2.87212,4.08333,2.87212,6.09494,2.01014,129
186,2.88704,4.08333,2.88704,6.0759,2.00429,129
187,2.90137,4.08333,2.90137,6.10506,2.00138,129
188,2.91394,4.08333,2.91394,6.35133,2.0063,130
189,2.9267,4.08333,2.9267,6.06288,2.00371,130
190,2.9395,4.08333,2.9395,6.06931,2.00922,129
191,2.95275,4.08333,2.95275,6.07258,2.00669,129
192,2.96677,4.08333,2.96677,6.35155,2.00294,130
193,2.97985,4.08333,2.97985,6.07923,2.00176,131
194,2.99326,4.08333,2.99326,5.68419,2.00362,130
195,3.00601,4.08333,3.00601,6.08992,2.00653,130
196,3.01891,4.08333,3.01891,6.2679,2.01523,130
197,3.03209,4.08333,3.03209,5.67344,2.0055,130
198,3.04568,4.08333,3.04568,6.08944,2.01267,131
199,3.05831,4.08333,3.05831,6.06982,2.00064,131
200,3.07213,4.08333,3.07213,6.38739,2.00109,131
201,3.08471,4.08333,3.08471,6.90003,2.00432,131
202,3.09819,4.08333,3.09819,5.68458,2.00512,130
203,3.11064,4.08333,3.11064,6.35213,2.0009,130
204,3.12402,4.08333,3.12402,6.08595,2.00925,130
205,3.13627,4.08333,3.13627,5.69856,2.15066,130
206,3.1509,4.08333,3.1509,6.09984,2.00611,130
207,3.16324,4.08333,3.16324,6.36243,2.00541,130
208,3.17566,4.08333,3.17566,5.68045,2.00307,130
209,3.18852,4.08333,3.18852,6.10525,2.01677,131
210,3.2013,4.08333,3.2013,6.08579,2.00816,131
211,3.21351,4.08333,3.21351,6.06931,2.00861,131
212,3.22615,4.08333,3.22615,5.96608,2.00483,131
213,3.23899,4.08333,3.23899,6.07299,2.00678,131
214,3.2516,4.08333,3.2516,6.10874,2.00499,130
215,3.26383,4.08333,3.26383,6.07392,2.00112,131
216,3.27615,4.08333,3.27615,5.71466,2.00499,131
217,3.28895,4.08333,3.28895,6.1033,2.00234,131
218,3.30122,4.08333,3.30122,6.11744,2.00624,131
219,3.31381,4.08333,3.31381,7.32435,2.40883,131
220,3.32948,4.08333,3.32948,7.71402,1.99984,131
221,3.34329,4.08333,3.34329,6.12032,2.00211,131
222,3.35562,4.08333,3.35562,6.1496,2.00976,130
223,3.3686,4.08333,3.3686,6.35984,2.00739,130
224,3.38131,4.08333,3.38131,5.67587,2.01165,130
225,3.39376,4.08333,3.39376,6.08822,2.00451,133
226,3.40588,4.08333,3.40588,6.06301,2.00909,128
227,3.41805,4.08333,3.41805,6.07446,2.00669,126
228,3.43088,4.08333,3.43088,5.64746,2.00704,121
229,3.44341,4.08333,3.44341,6.0729,2.00656,121
230,3.45568,4.08333,3.45568,6.06723,2.00909,126
231,3.46817,4.08333,3.46817,6.07504,2.00643,133
232,3.48084,4.08333,3.48084,5.65376,2.00701,130
233,3.49381,4.08333,3.49381,6.95978,2.27219,127
234,3.50879,4.08333,3.50879,6.45987,2.00346,123
235,3.5237,4.08333,3.5237,6.33994,2.50826,118
236,3.5371,4.08333,3.5371,8.388,3.46032,116
237,3.55627,4.08333,3.55627,6.95795,2.00506,115
238,3.57233,4.08333,3.57233,7.47456,2.58925,117
239,3.58761,4.08333,3.58761,6.1457,2.56477,118
240,3.60189,4.08333,3.60189,6.65469,2.10934,120
241,3.61541,4.08333,3.61541,6.16656,2.01005,120
242,3.62894,4.08333,3.62894,6.17834,2.85933,121
243,3.64243,4.08333,3.64243,6.16842,2.0009,121
244,3.65652,4.08333,3.65652,6.48202,2.00678,121
245,3.67029,4.08333,3.67029,6.17091,2.00499,121
246,3.68477,4.08333,3.68477,6.17158,2.3417,121
247,3.69872,4.08333,3.69872,6.21117,2.01523,119
248,3.71372,4.08333,3.71372,6.16835,2.00301,120
249,3.7277,4.08333,3.7277,6.16995,2.53766,120
250,3.74189,4.08333,3.74189,6.18848,2.01078,120
251,3.75664,4.08333,3.75664,6.17216,2.01318,119
252,3.77176,4.08333,3.77176,6.17184,2.01053,120
253,3.7854,4.08333,3.7854,6.12541,2.01299,120
254,3.7995,4.08333,3.7995,6.07869,2.3479,121
255,3.81448,4.08333,3.81448,6.04221,2.01203,121
256,3.82836,4.08333,3.82836,6.10413,2.0057,121
257,3.842,4.08333,3.842,6.06227,2.01376,121
258,3.85447,4.08333,3.85447,6.05933,2.01085,121
259,3.86775,4.08333,3.86775,6.09101,2.00528,118
260,3.88076,4.08333,3.88076,6.12554,2.01402,119
261,3.89404,4.08333,3.89404,6.07078,2.00867,119
262,3.90717,4.08333,3.90717,5.94922,2.00691,120
263,3.92129,4.08333,3.92129,6.11632,2.23597,119
264,3.93386,4.08333,3.93386,6.1231,2.3321,120
265,3.94648,4.08333,3.94648,71.4147,2.00112,125
266,4.02603,4.08333,4.02603,11.3892,2.01472,131
267,4.04741,4.08333,4.04741,6.14486,2.00867,130
268,4.06019,4.08333,4.06019,5.67376,2.01232,131
269,4.07419,4.08333,4.07419,6.03424,2.01418,129
270,0.00389481,4.08333,4.08723,6.07507,2.00678,131
271,0.017014,4.08333,4.10035,6.29818,2.00643,130
272,0.0300922,4.08333,4.11343,6.08848,2.00922,130
273,0.0431018,4.08333,4.12644,6.04496,2.00499,132
274,0.0557432,4.08333,4.13908,6.61283,2.01245,130
275,0.068903,4.08333,4.15224,6.20458,2.42634,130
276,0.082562,4.08333,4.1659,6.65085,2.29331,131
277,0.0977445,4.08333,4.18108,31.3006,2.00685,131
278,0.221528,4.08333,4.30486,6.17466,2.02707,131
279,0.235499,4.08333,4.31883,6.86608,2.00294,131
280,0.249758,4.08333,4.33309,6.17952,2.05309,132
281,0.262471,4.08333,4.3458,6.16547,2.0152,132
282,0.275367,4.08333,4.3587,6.32134,2.00832,132
283,0.288873,4.08333,4.37221,6.62848,2.00627,133
284,0.301632,4.08333,4.38497,6.04138,2.00192,133
285,0.314096,4.08333,4.39743,6.07702,2.0017,133
286,0.326639,4.08333,4.40997,8.80166,2.32243,132
287,0.343246,4.08333,4.42658,6.1313,2.00554,131
288,0.35583,4.08333,4.43916,6.35635,2.00525,132
289,0.368582,4.08333,4.45192,5.92118,2.0017,132
290,0.381879,4.08333,4.46521,6.36285,2.00426,132
291,0.394351,4.08333,4.47768,6.08928,2.0057,133
292,0.406565,4.08333,4.4899,6.06275,2.00176,133
293,0.418891,4.08333,4.50222,5.68166,2.00064,135
294,0.431698,4.08333,4.51503,6.24022,2.00387,135
295,0.444255,4.08333,4.52759,6.67379,2.00294,129
296,0.457416,4.08333,4.54075,5.66022,2.00304,124
297,0.469759,4.08333,4.55309,6.08912,2.00352,129
298,0.482055,4.08333,4.56539,6.05709,2.00979,133
299,0.494438,4.08333,4.57777,6.08397,2.65354,133
300,0.507672,4.08333,4.59101,5.64627,2.00374,131
301,0.520431,4.08333,4.60376,6.07021,2.00973,131
302,0.532956,4.08333,4.61629,6.08662,2.00397,130
303,0.545124,4.08333,4.62846,6.06512,2.00496,129
304,0.557369,4.08333,4.6407,5.66627,2.00294,127
305,0.570309,4.08333,4.65364,6.25082,2.01398,130
306,0.582787,4.08333,4.66612,6.07008,2.01498,130
307,0.594966,4.08333,4.6783,6.08067,2.00563,129
308,0.607162,4.08333,4.6905,6.04102,2.0024,130
309,0.619868,4.08333,4.7032,6.35325,2.00298,130
310,0.632362,4.08333,4.7157,6.34486,2.74419,130
311,0.645527,4.08333,4.72886,5.65683,2.00682,131
312,0.658296,4.08333,4.74163,6.14595,2.00019,131
313,0.671196,4.08333,4.75453,6.40941,2.4809,130
314,0.684467,4.08333,4.7678,6.14432,2.00272,130
315,0.697247,4.08333,4.78058,6.08582,1.99885,128
316,0.709561,4.08333,4.79289,6.35194,3.07168,126
317,0.723297,4.08333,4.80663,6.07072,2.01853,127
318,0.736728,4.08333,4.82006,6.21325,2.43171,126
319,0.749901,4.08333,4.83323,6.66416,2.0097,128
320,0.764291,4.08333,4.84762,6.57059,2.80358,125
321,0.778482,4.08333,4.86182,6.29462,2.0128,124
322,0.791716,4.08333,4.87505,6.20653,2.02752,125
323,0.804201,4.08333,4.88753,6.17226,2.0217,126
324,0.816714,4.08333,4.90005,6.48506,2.01677,125
325,0.82998,4.08333,4.91331,6.55866,2.01728,126
326,0.843758,4.08333,4.92709,6.41338,2.02547,126
327,0.856396,4.08333,4.93973,5.72246,2.01424,125
328,0.869755,4.08333,4.95309,6.168,2.0079,125
329,0.882163,4.08333,4.9655,6.49046,2.00976,125
330,0.894807,4.08333,4.97814,6.13728,2.0104,124
331,0.907511,4.08333,4.99084,6.12771,2.01562,124
332,0.919914,4.08333,5.00325,6.39862,2.0128,125
333,0.932925,4.08333,5.01626,6.07798,2.00563,127
334,0.948133,4.08333,5.03147,8.64496,2.00867,128
335,0.966669,4.08333,5.05,7.03318,3.94301,128
336,0.98396,4.08333,5.06729,7.90906,2.78016,129
337,1.00011,4.08333,5.08345,6.00118,2.0009,130
338,1.01361,4.08333,5.09694,6.15514,2.01162,129
339,1.02608,4.08333,5.10941,6.0825,2.01402,131
340,1.03917,4.08333,5.1225,6.10371,2.00202,130
341,1.05177,4.08333,5.1351,6.38083,2.33786,129
342,1.06462,4.08333,5.14796,6.08842,2.00966,130
343,1.07894,4.08333,5.16227,6.58413,2.42275,129
344,1.0941,4.08333,5.17743,6.35693,2.00704,128
345,1.10807,4.08333,5.1914,6.10387,2.00704,131
346,1.12129,4.08333,5.20462,6.06634,2.00707,131
347,1.1348,4.08333,5.21813,6.80614,2.80061,132
348,1.14894,4.08333,5.23227,6.32694,1.99994,135
349,1.16338,4.08333,5.24671,7.16614,2.00154,135
350,1.17874,4.08333,5.26208,6.63354,2.00906,126
351,1.19312,4.08333,5.27645,6.82202,2.29584,126
352,1.20801,4.08333,5.29135,6.38147,2.34394,123
353,1.2215,4.08333,5.30484,6.29469,2.00493,123
354,1.23491,4.08333,5.31825,6.31834,2.70624,122
355,1.24867,4.08333,5.33201,5.66515,2.0009,122
356,1.26195,4.08333,5.34529,6.37402,2.42477,126
357,1.27532,4.08333,5.35865,5.6785,2.00397,123
358,1.28956,4.08333,5.37289,6.67162,2.00739,120
359,1.30335,4.08333,5.38668,6.35194,2.00595,118
360,1.31804,4.08333,5.40137,6.25526,2.52352,120
361,1.33152,4.08333,5.41485,6.47738,2.00768,121
362,1.34695,4.08333,5.43028,6.10979,2.34294,117
363,1.36047,4.08333,5.4438,6.33507,2.00602,120
364,1.37381,4.08333,5.45715,6.05872,2.00909,121
365,1.38639,4.08333,5.46973,6.48317,2.00394,117
366,1.40029,4.08333,5.48363,6.36128,2.00531,118
367,1.41282,4.08333,5.49615,6.0815,2.00829,114
368,1.42527,4.08333,5.50861,6.06944,2.00416,114
369,1.43926,4.08333,5.52259,6.0975,2.00784,114
370,1.45318,4.08333,5.53652,6.23165,2.00781,114
371,1.46631,4.08333,5.54964,6.23661,2.3673,115
372,1.48047,4.08333,5.56381,7.41754,2.00416,114
373,1.49471,4.08333,5.57804,7.03283,2.7441,116
374,1.50872,4.08333,5.59205,6.36611,2.0071,116
375,1.52182,4.08333,5.60515,6.59197,2.0073,116
376,1.53504,4.08333,5.61837,6.81405,2.42512,116
377,1.54896,4.08333,5.6323,6.13405,2.00662,120
378,1.56229,4.08333,5.64563,6.47722,2.01226,119
379,1.57559,4.08333,5.65892,6.37987,2.02064,119
380,1.59004,4.08333,5.67337,7.14429,2.00336,119
381,1.60475,4.08333,5.68808,6.63184,2.00157,121
382,1.61788,4.08333,5.70122,7.06262,2.00579,117
383,1.63162,4.08333,5.71496,6.94682,2.00336,121
384,1.6448,4.08333,5.72813,6.99066,2.73549,121
385,1.65867,4.08333,5.742,5.70528,3.2104,123
386,1.67288,4.08333,5.75622,6.16547,2.42678,124
387,1.68612,4.08333,5.76945,6.25232,2.01114,124
388,1.69941,4.08333,5.78274,6.20742,2.0031,123
389,1.71209,4.08333,5.79543,6.1697,2.32477,123
390,1.72531,4.08333,5.80865,6.1255,2.01866,123
391,1.73857,4.08333,5.8219,6.61085,2.57325,123
392,1.75201,4.08333,5.83534,7.17565,2.01523,126
393,1.76575,4.08333,5.84908,6.19213,2.73648,127
394,1.7792,4.08333,5.86253,6.22848,2.00317,129
395,1.79258,4.08333,5.87592,6.20733,2.00909,130
396,1.80616,4.08333,5.88949,6.24525,2.01914,129
397,1.81944,4.08333,5.90278,6.99837,2.00704,127
398,1.83305,4.08333,5.91638,7.06528,2.5743,127
399,1.84689,4.08333,5.93023,6.62432,2.02138,127
400,1.86093,4.08333,5.94426,6.16995,2.88976,128
401,1.87422,4.08333,5.95755,6.19232,2.00909,127
402,1.88787,4.08333,5.97121,6.11939,2.00141,126
403,1.9003,4.08333,5.98363,6.22573,2.00931,123
404,1.91392,4.08333,5.99726,7.04205,2.01517,125
405,1.92766,4.08333,6.011,7.12454,2.58246,125
406,1.94152,4.08333,6.02485,6.97379,2.00867,122
407,1.95608,4.08333,6.03942,6.51226,2.56819,113
408,1.9698,4.08333,6.05313,6.14723,2.46781,113
409,1.98317,4.08333,6.06651,6.14909,2.01334,120
410,1.99624,4.08333,6.07957,6.65722,2.01114,114
411,2.01236,4.08333,6.0957,6.45891,2.01542,107
412,2.02522,4.08333,6.10856,6.53693,2.50365,105
413,2.03953,4.08333,6.12286,6.39958,2.0063,104
414,2.05288,4.08333,6.13622,7.32934,2.00755,106
415,2.06703,4.08333,6.15036,7.82035,2.00816,108
416,2.08103,4.08333,6.16437,6.86394,2.00931,107
417,2.09506,4.08333,6.1784,6.33984,2.71581,106
418,2.10877,4.08333,6.1921,6.22275,2.00544,104
419,2.12231,4.08333,6.20564,6.54147,2.00429,99
420,2.13516,4.08333,6.21849,6.25757,2.0097,99
421,2.14916,4.08333,6.2325,6.5545,2.01626,100
422,2.16401,4.08333,6.24735,6.41094,2.01171,95
423,2.17771,4.08333,6.26104,6.88336,2.01142,95
424,2.1911,4.08333,6.27444,6.87232,2.00909,99
425,2.20491,4.08333,6.28824,6.20643,2.00566,101
426,2.21764,4.08333,6.30098,6.25168,2.01146,99
427,2.23118,4.08333,6.31451,6.2025,2.00963,104
428,2.24374,4.08333,6.32708,6.25661,2.0223,102
429,2.25733,4.08333,6.34067,6.93037,2.00915,105
430,2.27052,4.08333,6.35385,52.2664,11.509,105
431,2.35642,4.08333,6.43976,5.81702,2.01184,98
432,2.3693,4.08333,6.45263,8.54339,2.00883,97
433,2.38592,4.08333,6.46926,6.22483,2.0096,99
434,2.39902,4.08333,6.48235,5.78803,2.0136,100
435,2.41174,4.08333,6.49507,8.74205,2.0095,102
436,2.42773,4.08333,6.51107,6.19037,2.00243,105
437,2.44107,4.08333,6.52441,6.45562,2.01728,103
438,2.45524,4.08333,6.53857,6.26442,2.73885,99
439,2.46941,4.08333,6.55275,11.1784,2.00704,106
440,2.48914,4.08333,6.57247,6.20861,2.33238,104
441,2.50201,4.08333,6.58535,6.75568,2.00714,106
442,2.51565,4.08333,6.59899,6.14874,2.00512,113
443,2.52862,4.08333,6.61196,6.11654,2.00643,113
444,2.5415,4.08333,6.62483,5.71194,2.00294,114
445,2.55411,4.08333,6.63745,6.12502,2.00906,112
446,2.56685,4.08333,6.65019,6.63126,2.00806,114
447,2.58076,4.08333,6.66409,6.13357,2.00579,114
448,2.59345,4.08333,6.67678,6.0943,2.0081,120
449,2.60594,4.08333,6.68927,6.34685,2.00714,125
450,2.61879,4.08333,6.70212,5.71754,2.00448,122
451,2.63165,4.08333,6.71498,6.11162,2.00195,128
452,2.64427,4.08333,6.7276,6.38362,2.00755,125
453,2.65829,4.08333,6.74162,6.0729,2.00682,127
454,2.6724,4.08333,6.75573,6.38125,2.00909,127
455,2.6852,4.08333,6.76854,6.66061,2.43443,128
456,2.70019,4.08333,6.78353,6.09437,2.01258,127
457,2.71284,4.08333,6.79617,5.68138,2.00938,126
458,2.72636,4.08333,6.8097,6.05552,2.0081,127
459,2.73889,4.08333,6.82222,6.05645,2.00294,128
460,2.75133,4.08333,6.83466,5.67936,2.0113,128
461,2.76354,4.08333,6.84688,6.08058,2.01338,129
462,2.77598,4.08333,6.85931,6.35216,2.41626,128
463,2.78951,4.08333,6.87285,6.07542,2.0015,129
464,2.80241,4.08333,6.88574,6.08179,2.00202,131
465,2.81489,4.08333,6.89822,6.34054,2.41798,131
466,2.82793,4.08333,6.91126,6.06682,2.00496,132
467,2.84038,4.08333,6.92372,5.6784,2.0088,131
468,2.85254,4.08333,6.93588,6.0559,2.0072,129
469,2.86465,4.08333,6.94799,6.07971,2.3223,129
470,2.87741,4.08333,6.96074,6.08979,2.00557,127
471,2.88979,4.08333,6.97312,5.96749,2.0041,129
472,2.9024,4.08333,6.98573,6.06352,2.00294,129
473,2.91492,4.08333,6.99825,6.10138,2.00662,130
474,2.92724,4.08333,7.01058,6.08147,2.0033,130
475,2.9394,4.08333,7.02273,6.03046,2.0024,129
476,2.95304,4.08333,7.03637,6.33181,2.00294,129
477,2.96578,4.08333,7.04911,6.03958,2.00698,130
478,2.97835,4.08333,7.06169,6.06314,2.00038,131
479,2.99124,4.08333,7.07457,6.08483,2.00499,130
480,3.00401,4.08333,7.08735,6.32163,2.00307,130
481,3.01742,4.08333,7.10076,5.67962,2.00294,130
482,3.02999,4.08333,7.11332,6.36314,2.01053,130
483,3.043,4.08333,7.12634,6.07523,2.0072,130
484,3.05528,4.08333,7.13861,6.74931,2.00176,131
485,3.06895,4.08333,7.15228,6.07987,2.00243,131
486,3.08185,4.08333,7.16518,6.07926,2.00438,131
487,3.09413,4.08333,7.17746,6.31206,1.99731,130
488,3.10719,4.08333,7.19052,6.0624,2.00125,130
489,3.11948,4.08333,7.20281,6.35418,2.00909,130
490,3.1321,4.08333,7.21543,6.0488,2.32182,130
491,3.14481,4.08333,7.22814,5.96253,2.00208,130
492,3.15772,4.08333,7.24105,6.05552,2.00944,130
493,3.16995,4.08333,7.25329,6.24086,2.00704,130
494,3.18301,4.08333,7.26634,5.66278,2.00294,131
495,3.19535,4.08333,7.27868,6.05379,2.01549,131
496,3.20766,4.08333,7.29099,6.08582,2.01427,131
497,3.22002,4.08333,7.30335,6.25606,2.00765,129
498,3.23238,4.08333,7.31571,6.23242,2.00454,131
499,3.24576,4.08333,7.3291,6.10688,2.00499,130
500,3.25817,4.08333,7.3415,6.11808,2.0079,130
501,3.2707,4.08333,7.35403,6.08922,2.3224,131
502,3.28401,4.08333,7.36735,6.07181,2.00464,131
503,3.29647,4.08333,7.3798,6.13072,2.00832,131
504,3.30956,4.08333,7.39289,6.36394,2.00451,131
505,3.32233,4.08333,7.40566,6.09936,2.00272,131
506,3.33506,4.08333,7.41839,6.35094,2.00768,131
507,3.34774,4.08333,7.43107,6.04048,1.99971,131
508,3.35985,4.08333,7.44318,5.9601,2.00134,130
509,3.37268,4.08333,7.45601,6.05616,2.00458,130
510,3.38506,4.08333,7.4684,6.06733,2.00195,130
511,3.39726,4.08333,7.48059,6.36803,2.00064,133
512,3.40981,4.08333,7.49314,5.67936,2.00691,127
513,3.42232,4.08333,7.50565,6.20045,2.00294,125
514,3.43483,4.08333,7.51817,6.30064,2.69302,121
515,3.44826,4.08333,7.53159,5.66262,2.32006,120
516,3.4616,4.08333,7.54493,6.04506,2.01738,128
517,3.47404,4.08333,7.55737,6.08691,2.01715,133
518,3.4868,4.08333,7.57014,6.13126,2.01318,130
519,3.49928,4.08333,7.58261,5.7783,2.02275,124
520,3.5123,4.08333,7.59564,6.33875,2.02957,120
521,3.52504,4.08333,7.60837,66.197,2.03501,118
522,3.59936,4.08333,7.68269,6.15574,2.03568,120
523,3.61243,4.08333,7.69577,6.56118,2.03011,120
524,3.62546,4.08333,7.70879,5.7527,2.02864,120
525,3.63803,4.08333,7.72137,7.5825,3.13014,121
526,3.65305,4.08333,7.73639,6.86275,4.45437,121
527,3.67014,4.08333,7.75347,6.21802,2.03194,121
528,3.68393,4.08333,7.76727,6.19261,2.31018,121
529,3.69659,4.08333,7.77992,6.24221,2.03149,120
530,3.70963,4.08333,7.79296,6.20685,2.03658,118
531,3.72239,4.08333,7.80573,6.11002,2.02752,121
532,3.73485,4.08333,7.81818,6.11078,2.01949,120
533,3.74835,4.08333,7.83168,6.11994,2.02374,119
534,3.76185,4.08333,7.84519,6.12829,2.02109,119
535,3.77549,4.08333,7.85882,5.75523,2.02211,120
536,3.78888,4.08333,7.87221,6.55558,2.02544,120
537,3.80244,4.08333,7.88577,6.50573,2.02016,121
538,3.81576,4.08333,7.8991,6.10858,2.02461,121
539,3.82868,4.08333,7.91201,6.12701,2.02138,121
540,3.84141,4.08333,7.92474,5.73136,2.02243,121
541,3.85454,4.08333,7.93787,6.10829,2.02086,121
542,3.86703,4.08333,7.95036,66.2266,2.81107,118
543,3.94797,4.08333,8.0313,6.44374,2.02256,125
544,3.96132,4.08333,8.04465,6.97613,2.0153,124
545,3.97545,4.08333,8.05878,6.1936,2.01946,124
546,3.98833,4.08333,8.07166,6.13398,2.03478,120
547,4.00123,4.08333,8.08457,6.18128,2.02106,119
548,4.01616,4.08333,8.0995,6.09434,2.01549,127
549,4.02954,4.08333,8.11287,10.3693,2.02192,129
550,4.04658,4.08333,8.12991,6.21344,2.01898,130
551,4.06061,4.08333,8.14394,8.83613,2.72022,130
552,4.07835,4.08333,8.16168,5.7169,2.01731,130
553,0.0107212,4.08333,8.17739,5.69043,2.02186,131
554,0.0249672,4.08333,8.19163,6.35584,2.02336,129
555,0.0426378,4.08333,8.2093,6.12243,2.02198,132
556,0.0551624,4.08333,8.22183,6.1113,2.01958,130
557,0.0678215,4.08333,8.23449,5.6953,2.02019,130
558,0.0799942,4.08333,8.24666,6.08086,2.02947,131
559,0.092226,4.08333,8.25889,6.34614,2.02077,131
560,0.106008,4.08333,8.27267,5.69322,2.02154,131
561,0.118489,4.08333,8.28516,6.10909,2.02557,131
562,0.131063,4.08333,8.29773,6.14912,2.02477,131
563,0.143583,4.08333,8.31025,6.14186,2.01904,131
564,0.156359,4.08333,8.32303,5.71872,2.01914,131
565,0.168791,4.08333,8.33546,6.11222,2.31322,131
566,0.181635,4.08333,8.3483,6.16362,2.01997,130
567,0.194098,4.08333,8.36077,6.46032,2.01971,130
568,0.207282,4.08333,8.37395,6.15661,2.02669,130
569,0.219853,4.08333,8.38652,6.10349,2.02118,131
570,0.232198,4.08333,8.39886,6.50291,2.02138,131
571,0.245114,4.08333,8.41178,5.74403,2.02042,131
572,0.257626,4.08333,8.42429,6.42352,2.02,132
573,0.270326,4.08333,8.43699,6.10618,2.02413,132
574,0.282782,4.08333,8.44945,6.77293,2.02374,132
575,0.297256,4.08333,8.46392,6.12957,2.02384,133
576,0.309981,4.08333,8.47665,6.11619,2.01814,133
577,0.323989,4.08333,8.49066,6.35277,2.43834,132
578,0.337836,4.08333,8.5045,6.10957,2.02195,131
579,0.35031,4.08333,8.51698,6.01699,2.03158,132
580,0.363157,4.08333,8.52982,6.11027,2.3487,132
581,0.37574,4.08333,8.54241,6.09805,2.02208,132
582,0.387992,4.08333,8.55466,6.09859,2.03162,132
583,0.400382,4.08333,8.56705,6.09104,2.01814,133
584,0.412694,4.08333,8.57936,6.40342,2.01875,135
585,0.425342,4.08333,8.59201,6.09168,2.01962,135
586,0.438172,4.08333,8.60484,5.72784,2.01747,134
587,0.450916,4.08333,8.61758,6.08672,2.01962,125
588,0.463288,4.08333,8.62996,6.3768,2.44102,124
589,0.47638,4.08333,8.64305,6.39264,2.03162,133
590,0.48905,4.08333,8.65572,5.68861,2.01725,133
591,0.501406,4.08333,8.66807,6.24346,2.02963,133
592,0.513876,4.08333,8.68054,6.09158,2.02314,131
593,0.526322,4.08333,8.69299,6.11667,2.02176,130
594,0.539287,4.08333,8.70595,6.6727,2.02016,130
595,0.552371,4.08333,8.71904,6.09094,2.0199,128
596,0.564692,4.08333,8.73136,6.09139,2.01568,129
597,0.57688,4.08333,8.74355,5.71395,2.02742,129
598,0.589739,4.08333,8.75641,6.26912,2.02976,127
599,0.60268,4.08333,8.76935,6.10915,2.01933,131
600,0.614992,4.08333,8.78166,6.12563,2.02102,131
601,0.627522,4.08333,8.79419,5.7017,2.01907,130
602,0.639986,4.08333,8.80665,6.09184,2.02051,131
603,0.652635,4.08333,8.8193,86.9655,9.29709,131
604,0.754113,4.08333,8.92078,7.85923,3.24451,127
605,0.770082,4.08333,8.93675,6.82493,2.0201,125
606,0.784025,4.08333,8.95069,6.15341,2.02144,125
607,0.796708,4.08333,8.96338,6.14003,2.03021,125
608,0.810102,4.08333,8.97677,6.11146,3.95373,126
609,0.824396,4.08333,8.99106,6.23926,2.02138,125
610,0.838119,4.08333,9.00479,6.20186,2.02752,126
611,0.851734,4.08333,9.0184,8.35869,2.03606,125
612,0.868659,4.08333,9.03533,7.07933,2.54147,125
613,0.886472,4.08333,9.05314,6.1456,2.01891,126
614,0.900282,4.08333,9.06695,6.11024,2.02234,124
615,0.91323,4.08333,9.0799,6.13578,2.02038,124
616,0.926697,4.08333,9.09336,6.42691,2.0161,127
617,0.940023,4.08333,9.10669,6.1168,2.01962,127
618,0.952596,4.08333,9.11926,5.75581,2.30886,128
619,0.966918,4.08333,9.13358,6.11824,2.02522,128
620,0.979592,4.08333,9.14626,6.28784,2.02262,128
621,0.993274,4.08333,9.15994,6.12253,2.01728,131
622,1.00689,4.08333,9.17356,6.3048,2.01341,129
623,1.01973,4.08333,9.1864,5.74182,2.01917,130
624,1.03281,4.08333,9.19947,6.41971,2.45171,130
625,1.04689,4.08333,9.21356,5.7495,2.02525,130
626,1.06001,4.08333,9.22667,6.12634,2.02387,131
627,1.07319,4.08333,9.23986,6.13366,2.02157,130
628,1.08569,4.08333,9.25236,6.01674,2.01805,129
629,1.09963,4.08333,9.26629,6.12739,2.02502,128
630,1.11203,4.08333,9.2787,61.8294,9.07552,131
631,1.18793,4.08333,9.3546,6.30909,2.02582,126
632,1.20088,4.08333,9.36755,7.02832,2.67149,125
633,1.2164,4.08333,9.38306,6.15078,2.0177,124
634,1.22887,4.08333,9.39554,5.732,2.02608,122
635,1.24166,4.08333,9.40833,7.30643,3.11728,122
636,1.25646,4.08333,9.42312,7.49754,3.83725,123
637,1.27413,4.08333,9.4408,6.14666,2.02259,123
638,1.28718,4.08333,9.45385,6.44662,2.02301,120
639,1.30147,4.08333,9.46814,6.1504,2.02099,119
640,1.31462,4.08333,9.48129,6.40486,2.02541,120
641,1.32737,4.08333,9.49403,6.11024,2.02275,121
642,1.33986,4.08333,9.50653,5.7272,2.02576,122
643,1.35222,4.08333,9.51889,6.13187,2.02957,117
644,1.36457,4.08333,9.53123,6.44106,2.0224,120
645,1.37742,4.08333,9.54409,6.42381,2.03318,117
646,1.39028,4.08333,9.55695,6.13107,2.02752,117
647,1.40267,4.08333,9.56934,50.686,9.63002,116
648,1.47702,4.08333,9.64369,6.18317,2.02902,114
649,1.48974,4.08333,9.6564,7.17395,2.47213,116
650,1.50407,4.08333,9.67074,6.19258,2.33882,116
651,1.51692,4.08333,9.68359,5.77622,2.02726,116
652,1.52978,4.08333,9.69644,9.20214,2.02342,116
653,1.54617,4.08333,9.71284,8.68528,2.02307,115
654,1.56372,4.08333,9.73038,6.232,2.02035,119
655,1.57629,4.08333,9.74296,6.48528,2.02317,119
656,1.58919,4.08333,9.75586,6.21446,2.34074,120
657,1.60195,4.08333,9.76861,6.1535,2.31632,118
658,1.61465,4.08333,9.78132,6.18701,2.02547,116
659,1.62712,4.08333,9.79378,5.7735,2.0185,121
660,1.6397,4.08333,9.80637,6.46266,2.01562,121
661,1.65231,4.08333,9.81898,6.16237,2.01414,122
662,1.6647,4.08333,9.83137,6.14915,2.02419,125
663,1.6773,4.08333,9.84397,6.12931,2.0273,124
664,1.68998,4.08333,9.85665,6.11546,2.01939,123
665,1.7025,4.08333,9.86917,6.11526,2.33062,124
666,1.71533,4.08333,9.882,6.04848,2.02026,123
667,1.7282,4.08333,9.89486,6.12986,2.0152,124
668,1.74049,4.08333,9.90716,6.1385,2.02138,125
669,1.75269,4.08333,9.91936,6.41181,2.02138,125
670,1.76518,4.08333,9.93185,6.31862,2.02682,127
671,1.77932,4.08333,9.94599,6.40896,2.46787,129
672,1.79275,4.08333,9.95942,6.61827,2.0217,130
673,1.80683,4.08333,9.9735,6.1359,2.35603,128
674,1.81963,4.08333,9.9863,6.11286,2.02467,127
675,1.83289,4.08333,9.99956,6.47046,2.48461,127
676,1.84728,4.08333,10.0139,6.17402,2.02342,127
677,1.85969,4.08333,10.0264,6.71382,2.02138,128
678,1.87362,4.08333,10.0403,6.1425,2.34224,127
679,1.88629,4.08333,10.053,5.7241,2.02704,127
680,1.8989,4.08333,10.0656,6.14973,2.02566,123
681,1.91133,4.08333,10.078,6.1272,2.0281,123
682,1.92446,4.08333,10.0911,6.11158,2.01936,125
683,1.93692,4.08333,10.1036,6.1753,2.02547,124
684,1.95069,4.08333,10.1174,6.13462,2.02669,114
685,1.963,4.08333,10.1297,6.14877,2.03126,114
686,1.97575,4.08333,10.1424,5.7633,2.02429,114
687,1.98946,4.08333,10.1561,7.16042,2.0311,117
688,2.00323,4.08333,10.1699,6.70317,2.29453,110
689,2.01768,4.08333,10.1844,6.84845,2.02342,106
690,2.03173,4.08333,10.1984,6.39965,2.43981,106
691,2.0459,4.08333,10.2126,6.41968,2.03408,105
692,2.06162,4.08333,10.2283,6.40973,2.02685,108
693,2.07523,4.08333,10.2419,6.05946,2.62096,107
694,2.09103,4.08333,10.2577,5.7519,2.02154,107
695,2.10442,4.08333,10.2711,6.45875,2.02202,104
696,2.11736,4.08333,10.284,6.2127,2.02211,99
697,2.13003,4.08333,10.2967,6.08746,2.0264,99
698,2.14303,4.08333,10.3097,6.16698,2.02832,101
699,2.15552,4.08333,10.3222,6.44746,2.0327,99
700,2.16853,4.08333,10.3352,6.19155,2.02429,95
701,2.18179,4.08333,10.3485,6.71482,2.02883,98
702,2.19513,4.08333,10.3618,6.84653,2.02867,100
703,2.20918,4.08333,10.3758,6.75261,2.03075,100
704,2.22248,4.08333,10.3891,6.20035,2.02563,100
705,2.23648,4.08333,10.4031,6.21005,2.03469,104
706,2.24962,4.08333,10.4163,6.80173,2.02752,104
707,2.26297,4.08333,10.4296,6.47878,2.75395,105
708,2.27789,4.08333,10.4446,6.92243,2.02342,105
709,2.29252,4.08333,10.4592,6.50006,2.46685,102
710,2.3068,4.08333,10.4735,5.77315,2.02752,101
711,2.32081,4.08333,10.4875,6.54691,2.0257,102
712,2.33479,4.08333,10.5015,6.76918,2.82749,100
713,2.35035,4.08333,10.517,6.4903,2.03437,98
714,2.36468,4.08333,10.5313,6.82851,2.03501,98
715,2.37761,4.08333,10.5443,6.29878,2.02726,98
716,2.39036,4.08333,10.557,6.58086,2.02522,100
717,2.40375,4.08333,10.5704,6.30698,2.02982,100
718,2.41615,4.08333,10.5828,5.79661,2.02221,102
719,2.42918,4.08333,10.5958,6.24515,2.02086,105
720,2.44205,4.08333,10.6087,6.1817,2.02547,103
721,2.45471,4.08333,10.6214,5.81072,2.02816,102
722,2.46803,4.08333,10.6347,6.15597,2.02451,105
723,2.48049,4.08333,10.6472,6.44154,2.01907,105
724,2.49363,4.08333,10.6603,5.82486,2.03171,107
725,2.50643,4.08333,10.6731,6.39699,2.02205,106
726,2.51963,4.08333,10.6863,6.1607,2.02336,113
727,2.53193,4.08333,10.6986,6.5777,2.03139,114
728,2.54523,4.08333,10.7119,6.18045,2.0215,112
729,2.55838,4.08333,10.7251,6.21043,2.0175,110
730,2.57085,4.08333,10.7375,6.18771,2.03203,113
731,2.58346,4.08333,10.7501,6.17885,2.01936,112
732,2.59607,4.08333,10.7627,6.14966,2.02176,123
733,2.60889,4.08333,10.7756,6.17792,2.02058,124
734,2.62156,4.08333,10.7882,6.07411,2.01885,123
735,2.63451,4.08333,10.8012,6.13002,2.01728,123
736,2.64682,4.08333,10.8135,6.15773,2.02138,125
737,2.6593,4.08333,10.826,6.13805,2.07827,127
738,2.67274,4.08333,10.8394,6.14499,2.02931,127
739,2.68513,4.08333,10.8518,6.10534,2.02106,128
740,2.69773,4.08333,10.8644,6.15043,2.01843,128
741,2.71042,4.08333,10.8771,5.70419,2.03248,126
742,2.72305,4.08333,10.8897,6.37978,2.44349,127
743,2.73652,4.08333,10.9032,6.1576,2.02074,128
744,2.74913,4.08333,10.9158,5.70294,2.03357,128
745,2.7617,4.08333,10.9284,6.11437,2.52573,129
746,2.77477,4.08333,10.9414,6.13251,2.02342,128
747,2.78718,4.08333,10.9538,7.7441,4.81546,129
748,2.80585,4.08333,10.9725,6.21466,2.01824,131
749,2.81908,4.08333,10.9858,6.18362,2.01974,131
750,2.83228,4.08333,10.999,7.7201,2.02182,132
751,2.84875,4.08333,11.0154,5.70733,2.01798,129
752,2.8618,4.08333,11.0285,6.20938,2.02291,128
753,2.87477,4.08333,11.0414,6.4695,2.02547,128
754,2.88766,4.08333,11.0543,5.72698,2.02054,129
755,2.90027,4.08333,11.0669,6.11734,2.31594,129
756,2.91342,4.08333,11.0801,6.12074,2.02086,130
757,2.92569,4.08333,11.0924,5.72394,2.01933,130
758,2.93836,4.08333,11.105,6.40621,2.02275,129
759,2.95084,4.08333,11.1175,6.10038,2.02003,129
760,2.96306,4.08333,11.1297,6.11648,2.02154,131
761,2.97541,4.08333,11.1421,5.98128,2.0169,131
762,2.99082,4.08333,11.1575,6.19238,2.01888,130
763,3.00336,4.08333,11.17,6.16058,2.01606,130
764,3.01675,4.08333,11.1834,6.4399,2.01933,130
765,3.0321,4.08333,11.1988,5.71536,2.02138,130
766,3.04789,4.08333,11.2146,5.73955,2.06624,131
767,3.06215,4.08333,11.2288,6.39629,2.02371,131
768,3.0755,4.08333,11.2422,5.71978,2.02755,132
769,3.0878,4.08333,11.2545,6.11078,2.02547,131
770,3.10072,4.08333,11.2674,6.12285,2.0273,130
771,3.11326,4.08333,11.2799,6.14938,2.01741,130
772,3.12597,4.08333,11.2926,5.74003,2.02752,130
773,3.13885,4.08333,11.3055,6.62938,2.03494,130
774,3.15177,4.08333,11.3184,6.12819,2.34774,130
775,3.16448,4.08333,11.3311,5.72614,2.01923,130
776,3.17694,4.08333,11.3436,6.11206,2.028,131
777,3.18927,4.08333,11.3559,6.14912,2.02419,131
778,3.20192,4.08333,11.3686,6.43363,2.02554,131
779,3.21459,4.08333,11.3813,6.00643,2.02547,130
780,3.22736,4.08333,11.394,6.1183,2.02374,131
781,3.2398,4.08333,11.4065,6.1265,2.02218,130
782,3.25357,4.08333,11.4202,6.50192,2.50192,130
783,3.27186,4.08333,11.4385,8.40704,2.02483,131
784,3.28958,4.08333,11.4562,6.57418,2.02186,131
785,3.30229,4.08333,11.469,6.19216,2.02077,131
786,3.31486,4.08333,11.4815,6.50189,2.01933,131
787,3.32841,4.08333,11.4951,6.39411,2.43373,131
788,3.34146,4.08333,11.5081,5.71466,2.02547,131
789,3.35406,4.08333,11.5207,6.1136,2.02496,131
790,3.36764,4.08333,11.5343,6.11574,2.02035,130
791,3.38143,4.08333,11.5481,6.08963,2.02058,130
792,3.39517,4.08333,11.5618,6.07219,2.0176,133
793,3.40895,4.08333,11.5756,5.96534,2.29056,128
794,3.4234,4.08333,11.5901,6.68998,2.02138,125
795,3.43641,4.08333,11.6031,5.70358,2.02234,120
796,3.44975,4.08333,11.6164,6.12442,2.02752,125
797,3.46251,4.08333,11.6292,6.4287,2.02413,128
798,3.47538,4.08333,11.642,5.72026,2.01898,133
799,3.48811,4.08333,11.6548,6.11242,2.0201,129
800,3.50119,4.08333,11.6679,6.30509,2.01757,124
801,3.51439,4.08333,11.6811,6.28419,2.0161,120
802,3.52783,4.08333,11.6945,6.12301,2.02499,117
803,3.54031,4.08333,11.707,6.28659,2.01136,116
804,3.55329,4.08333,11.72,6.10282,2.02211,115
805,3.56653,4.08333,11.7332,8.67597,2.43142,118
806,3.5841,4.08333,11.7508,6.6679,2.01731,119
807,3.59762,4.08333,11.7643,6.33984,2.01917,120
808,3.61129,4.08333,11.778,6.11658,2.02218,120
809,3.62396,4.08333,11.7906,6.36038,2.02138,120
810,3.63851,4.08333,11.8052,6.11606,2.02227,121
811,3.6514,4.08333,11.8181,6.11837,2.34784,121
812,3.66472,4.08333,11.8314,6.13293,2.01594,121
813,3.67745,4.08333,11.8441,6.13875,2.02077,122
814,3.69007,4.08333,11.8567,6.14998,2.02211,120
815,3.70385,4.08333,11.8705,6.32045,2.03027,119
816,3.71689,4.08333,11.8836,6.09222,2.01741,120
817,3.72915,4.08333,11.8958,6.11485,2.02342,120
818,3.74207,4.08333,11.9087,6.12634,2.01766,120
819,3.75472,4.08333,11.9214,6.12714,2.30282,119
820,3.76734,4.08333,11.934,6.33837,2.02131,119
821,3.78005,4.08333,11.9467,5.74272,2.02304,120
822,3.79253,4.08333,11.9592,6.19155,2.0256,120
823,3.80492,4.08333,11.9716,6.25642,2.02653,121
824,3.8176,4.08333,11.9843,5.9528,2.02138,121
825,3.83161,4.08333,11.9983,6.50438,2.02064,121
826,3.84449,4.08333,12.0112,6.45722,2.02342,121
827,3.85739,4.08333,12.0241,5.71485,2.01894,119
828,3.87003,4.08333,12.0367,6.07712,2.02358,118
829,3.8825,4.08333,12.0492,6.13581,2.02285,119
830,3.89534,4.08333,12.062,5.72675,2.02752,119
831,3.90819,4.08333,12.0749,6.15773,2.01974,120
832,3.9205,4.08333,12.0872,6.14058,2.02003,120
833,3.93273,4.08333,12.0994,6.17338,2.02019,120
834,3.94541,4.08333,12.1121,6.10605,2.02531,125
835,3.95833,4.08333,12.125,6.104,2.01523,122
836,3.97128,4.08333,12.1379,6.1289,2.01763,129
837,3.98407,4.08333,12.1507,6.05894,2.01942,122
838,3.99687,4.08333,12.1635,6.13645,2.02115,121
839,4.00945,4.08333,12.1761,6.08637,2.02106,123
840,4.02185,4.08333,12.1885,6.0863,2.3377,131
841,4.03453,4.08333,12.2012,6.35398,2.02061,128
842,4.04803,4.08333,12.2147,6.46269,2.02486,130
843,4.06074,4.08333,12.2274,6.30064,2.02138,130
844,4.07342,4.08333,12.2401,5.70179,2.01811,130
845,0.00251722,4.08333,12.2525,6.1031,2.02205,131
846,0.014935,4.08333,12.2649,6.09952,2.0239,130
847,0.0274053,4.08333,12.2774,6.09325,2.02355,129
848,0.040112,4.08333,12.2901,5.69766,2.02099,131
849,0.0529628,4.08333,12.303,6.45712,2.02394,130
850,0.0658631,4.08333,12.3159,6.12528,2.35142,130
851,0.0784631,4.08333,12.3285,6.07866,2.02819,131
852,0.0912938,4.08333,12.3413,6.10477,2.0209,131
853,0.103515,4.08333,12.3535,6.10682,2.02179,131
854,0.115717,4.08333,12.3657,6.10899,2.53437,131
855,0.129056,4.08333,12.3791,6.87066,2.93651,131
856,0.144102,4.08333,12.3941,6.22426,2.48896,131
857,0.157128,4.08333,12.4071,6.27696,2.01994,131
858,0.170661,4.08333,12.4207,6.56454,2.59206,131
859,0.184108,4.08333,12.4341,5.71632,4.73898,130
860,0.204872,4.08333,12.4549,8.36157,2.73264,131
861,0.222119,4.08333,12.4721,6.74707,2.02122,131
862,0.235836,4.08333,12.4858,8.53546,2.34845,131
863,0.252998,4.08333,12.503,6.2096,2.02406,132
864,0.266145,4.08333,12.5161,7.0368,2.02854,132
865,0.279719,4.08333,12.5297,6.61888,2.42765,132
866,0.293515,4.08333,12.5435,6.25734,2.02038,134
867,0.307699,4.08333,12.5577,6.26938,2.02038,133
868,0.321091,4.08333,12.5711,6.73158,2.01955,132
869,0.335129,4.08333,12.5851,7.00246,2.58928,131
870,0.349082,4.08333,12.5991,7.07258,2.03366,131
871,0.362526,4.08333,12.6125,7.01152,2.02362,132
872,0.376514,4.08333,12.6265,6.51395,2.47773,132
873,0.390912,4.08333,12.6409,6.2447,2.01936,133
874,0.403732,4.08333,12.6537,7.33053,2.02342,133
875,0.417684,4.08333,12.6677,6.60147,2.03261,135
876,0.430958,4.08333,12.681,6.93456,2.02291,135
877,0.44557,4.08333,12.6956,6.60442,2.43491,129
878,0.459182,4.08333,12.7092,6.55942,2.56154,124
879,0.473222,4.08333,12.7232,6.49459,2.5201,133
880,0.487158,4.08333,12.7372,6.18973,2.02298,133
881,0.500559,4.08333,12.7506,6.36685,2.34144,133
882,0.515015,4.08333,12.765,6.74112,2.35165,131
883,0.530362,4.08333,12.7804,6.43626,2.43712,130
884,0.543501,4.08333,12.7935,5.72102,2.02502,129
885,0.557194,4.08333,12.8072,6.4976,2.4969,127
886,0.571119,4.08333,12.8211,6.3743,2.35677,130
887,0.585586,4.08333,12.8356,6.21616,2.01878,129
888,0.598261,4.08333,12.8483,6.16694,2.01882,130
889,0.611032,4.08333,12.861,6.16416,2.02118,131
890,0.623723,4.08333,12.8737,6.08432,2.02314,130
891,0.636328,4.08333,12.8863,6.2431,2.01795,130
892,0.648718,4.08333,12.8987,5.73462,2.01706,131
893,0.66115,4.08333,12.9112,6.10211,2.01971,131
894,0.673295,4.08333,12.9233,6.14544,2.02214,130
895,0.685542,4.08333,12.9355,6.11645,2.02042,130
896,0.698617,4.08333,12.9486,6.02861,2.01859,128
897,0.711854,4.08333,12.9619,6.13693,2.01728,128
898,0.72439,4.08333,12.9744,6.11923,2.0224,127
899,0.736907,4.08333,12.9869,6.31613,2.01949,126
900,0.75023,4.08333,13.0002,6.13907,2.01629,128
901,0.76264,4.08333,13.0126,6.14182,2.01318,124
902,0.775627,4.08333,13.0256,6.21699,2.01968,124
903,0.788648,4.08333,13.0386,6.17523,2.01933,126
904,0.801121,4.08333,13.0511,6.16013,2.0231,126
905,0.814482,4.08333,13.0645,5.73632,2.02374,125
906,0.82781,4.08333,13.0778,6.17552,2.03642,125
907,0.840414,4.08333,13.0904,6.1825,2.02995,126
908,0.852879,4.08333,13.1029,6.31133,2.02352,125
909,0.865936,4.08333,13.1159,6.11677,2.01603,125
910,0.878508,4.08333,13.1285,6.10512,2.02122,124
911,0.891046,4.08333,13.141,6.39459,2.43869,126
912,0.904151,4.08333,13.1542,5.70109,2.01952,124
913,0.916777,4.08333,13.1668,6.39133,2.01533,125
914,0.929441,4.08333,13.1794,6.11562,2.02752,127
915,0.941669,4.08333,13.1917,6.77987,2.01546,127
916,0.955903,4.08333,13.2059,6.2151,2.01978,128
917,0.968543,4.08333,13.2185,6.44202,2.3521,128
918,0.981552,4.08333,13.2316,5.70806,2.01738,128
919,0.994046,4.08333,13.244,6.09808,2.01062,131
920,1.00672,4.08333,13.2567,6.11827,2.01066,129
921,1.0194,4.08333,13.2694,6.28269,2.01658,130
922,1.03333,4.08333,13.2833,6.13475,2.01686,130
923,1.04607,4.08333,13.2961,6.40755,2.01696,130
924,1.05869,4.08333,13.3087,6.04422,2.01395,132
925,1.073,4.08333,13.323,6.41725,2.43917,130
926,1.08688,4.08333,13.3369,6.15459,2.01741,129
927,1.10003,4.08333,13.35,6.14797,2.02138,128
928,1.11284,4.08333,13.3628,6.40128,2.02326,130
929,1.1253,4.08333,13.3753,5.98576,2.01571,131
930,1.13794,4.08333,13.3879,6.08938,2.01552,132
931,1.15034,4.08333,13.4003,6.10752,2.63958,135
932,1.16344,4.08333,13.4134,6.9007,2.01933,134
933,1.17832,4.08333,13.4283,6.18477,2.3479,126
934,1.19096,4.08333,13.441,6.88899,2.02544,126
935,1.20487,4.08333,13.4549,6.12611,2.01728,125
936,1.21736,4.08333,13.4674,6.12554,2.02493,124
937,1.22998,4.08333,13.48,6.64502,2.02285,122
938,1.24447,4.08333,13.4945,6.10781,2.01552,121
939,1.25665,4.08333,13.5067,6.80179,2.01158,123
940,1.26981,4.08333,13.5198,5.72877,2.01686,125
941,1.28263,4.08333,13.5326,6.12006,2.01795,122
942,1.29482,4.08333,13.5448,6.15571,2.01933,119
943,1.30736,4.08333,13.5574,6.15466,2.02202,117
944,1.32026,4.08333,13.5703,6.14093,2.01853,122
945,1.3328,4.08333,13.5828,6.1193,2.02006,121
946,1.34555,4.08333,13.5956,6.1431,2.02573,117
947,1.35814,4.08333,13.6081,6.04845,2.02362,120
948,1.37094,4.08333,13.6209,6.3824,2.0191,120
949,1.38364,4.08333,13.6336,6.14042,2.02448,118
950,1.39616,4.08333,13.6462,6.68291,2.02403,118
951,1.4093,4.08333,13.6593,6.11987,2.02867,114
952,1.42289,4.08333,13.6729,6.1432,2.01494,114
953,1.43541,4.08333,13.6854,6.01939,2.02342,114
954,1.44853,4.08333,13.6985,6.16925,2.01754,114
955,1.46092,4.08333,13.7109,6.14749,2.02602,114
956,1.47398,4.08333,13.724,6.30698,2.01619,113
957,1.48705,4.08333,13.737,6.17891,2.01843,116
958,1.49974,4.08333,13.7497,6.1681,2.02035,116
959,1.5122,4.08333,13.7622,6.13523,2.01805,116
960,1.52448,4.08333,13.7745,5.78192,2.34925,116
961,1.53715,4.08333,13.7871,6.4335,2.03094,116
962,1.55002,4.08333,13.8,6.1023,2.02778,120
963,1.56239,4.08333,13.8124,6.55251,2.01526,119
964,1.57609,4.08333,13.8261,6.13821,2.02003,119
965,1.58851,4.08333,13.8385,6.17187,2.02096,120
966,1.60102,4.08333,13.851,6.15379,2.01824,118
967,1.61346,4.08333,13.8635,5.75632,2.02662,116
968,1.62629,4.08333,13.8763,6.14227,2.324,121
969,1.63909,4.08333,13.8891,6.31386,2.01568,121
970,1.65153,4.08333,13.9015,5.76227,2.0199,122
971,1.6641,4.08333,13.9141,6.09053,2.01958,123
972,1.67639,4.08333,13.9264,6.43757,2.01648,124
973,1.68901,4.08333,13.939,6.30368,2.02,123
974,1.70156,4.08333,13.9516,5.73344,2.01728,123
975,1.71531,4.08333,13.9653,6.12317,2.02234,123
976,1.72855,4.08333,13.9786,6.132,2.01318,124
977,1.74175,4.08333,13.9917,6.44422,2.34531,125
978,1.75517,4.08333,14.0052,6.16909,2.01613,125
979,1.76788,4.08333,14.0179,6.13856,2.01322,127
980,1.78077,4.08333,14.0308,6.13802,2.01974,129
981,1.79342,4.08333,14.0434,6.15014,2.34304,130
982,1.80636,4.08333,14.0564,6.13536,2.0217,129
983,1.81969,4.08333,14.0697,6.12659,2.01984,127
984,1.8343,4.08333,14.0843,6.15866,2.02838,126
985,1.84878,4.08333,14.0988,6.19914,2.02262,127
986,1.86161,4.08333,14.1116,6.2072,2.02294,128
987,1.8748,4.08333,14.1248,6.15558,2.02061,127
988,1.88752,4.08333,14.1375,6.25562,2.02058,126
989,1.9004,4.08333,14.1504,6.11587,2.02262,123
990,1.91371,4.08333,14.1637,6.12294,2.02566,125
991,1.9267,4.08333,14.1767,6.1081,2.0176,125
992,1.93926,4.08333,14.1893,5.75734,2.01981,123
993,1.95264,4.08333,14.2026,6.39878,2.02448,114
994,1.97185,4.08333,14.2218,5.74285,2.02816,113
995,1.99047,4.08333,14.2405,5.74243,2.02221,117
996,2.00373,4.08333,14.2537,6.39952,2.44163,110
997,2.01694,4.08333,14.2669,6.07434,2.03008,106
998,2.03058,4.08333,14.2806,6.10157,2.01731,106
999,2.04358,4.08333,14.2936,6.42957,2.01862,105
1000,2.05615,4.08333,14.3062,6.84717,2.48061,106
1001,2.07106,4.08333,14.3211,6.21632,2.02269,108
1002,2.0836,4.08333,14.3336,5.75597,2.024,108
1003,2.09682,4.08333,14.3468,6.124,2.01728,106
1004,2.1092,4.08333,14.3592,6.14406,2.01907,103
1005,2.12211,4.08333,14.3721,6.44227,2.02928,99
1006,2.13502,4.08333,14.385,6.42112,2.03402,99
1007,2.14764,4.08333,14.3976,6.16621,2.03437,101
1008,2.16004,4.08333,14.41,6.16867,2.03555,99
1009,2.17257,4.08333,14.4226,6.14602,2.02477,95
1010,2.1852,4.08333,14.4352,6.17501,2.33789,94
1011,2.19808,4.08333,14.4481,6.46694,2.01789,100
1012,2.21108,4.08333,14.4611,6.54512,2.02422,99
1013,2.22455,4.08333,14.4745,6.15686,2.32179,100
1014,2.23745,4.08333,14.4875,7.33885,2.53597,104
1015,2.25473,4.08333,14.5047,5.77754,2.01997,105
1016,2.26774,4.08333,14.5177,8.70381,3.01376,105
1017,2.28532,4.08333,14.5353,10.1228,3.55494,102
1018,2.30381,4.08333,14.5538,6.2328,2.35386,102
1019,2.31754,4.08333,14.5675,6.27299,2.02211,102
1020,2.32986,4.08333,14.5799,6.49107,2.02138,101
1021,2.34265,4.08333,14.5927,5.77626,2.02598,99
1022,2.35549,4.08333,14.6055,6.51226,2.02352,98
1023,2.36837,4.08333,14.6184,6.4864,2.03066,97
1024,2.38108,4.08333,14.6311,5.78768,2.02854,98
1025,2.39337,4.08333,14.6434,6.24867,2.02758,100
1026,2.40569,4.08333,14.6557,6.20541,2.03411,100
1027,2.41866,4.08333,14.6687,5.78058,2.02934,102
1028,2.43186,4.08333,14.6819,6.18525,2.03005,104
1029,2.4443,4.08333,14.6943,6.41843,2.02154,103
1030,2.45704,4.08333,14.707,5.78006,2.3376,101
1031,2.46977,4.08333,14.7198,6.17562,2.01786,106
1032,2.48201,4.08333,14.732,6.16086,2.02346,104
1033,2.49462,4.08333,14.7446,6.18906,2.01523,107
1034,2.50725,4.08333,14.7572,5.768,2.03981,106
1035,2.51978,4.08333,14.7698,6.1471,2.0183,113
1036,2.53219,4.08333,14.7822,6.17587,2.01594,114
1037,2.54461,4.08333,14.7946,6.20141,2.01642,114
1038,2.55727,4.08333,14.8073,6.05405,2.0167,112
1039,2.5708,4.08333,14.8208,6.16291,2.01869,113
1040,2.58317,4.08333,14.8332,6.16237,2.01658,112
1041,2.59546,4.08333,14.8455,6.40454,2.02067,123
1042,2.60985,4.08333,14.8598,6.47206,2.80458,123
1043,2.62371,4.08333,14.8737,5.71347,2.01734,127
1044,2.63645,4.08333,14.8865,6.22515,2.02768,123
1045,2.64913,4.08333,14.8991,6.20029,2.01523,125
1046,2.66143,4.08333,14.9114,6.13302,2.01766,127
1047,2.67376,4.08333,14.9238,5.73533,2.01808,127
1048,2.68671,4.08333,14.9367,6.1832,2.02138,129
1049,2.69945,4.08333,14.9494,6.14272,2.01786,127
1050,2.71223,4.08333,14.9622,5.72714,2.0199,126
1051,2.72473,4.08333,14.9747,6.09075,2.01914,127
1052,2.73742,4.08333,14.9874,6.38416,2.75542,128
1053,2.75112,4.08333,15.0011,6.10192,2.01523,128
1054,2.76467,4.08333,15.0147,6.11248,2.01674,129
1055,2.77691,4.08333,15.0269,6.39808,2.0193,128
1056,2.7899,4.08333,15.0399,5.74381,2.01235,129
1057,2.80243,4.08333,15.0524,6.42976,2.02342,131
1058,2.81533,4.08333,15.0653,6.17034,2.34509,131
1059,2.82837,4.08333,15.0784,5.71866,2.01376,132
1060,2.84079,4.08333,15.0908,6.09798,2.01536,130
1061,2.85294,4.08333,15.1029,6.11251,2.01814,129
1062,2.86532,4.08333,15.1153,6.40602,2.01786,129
1063,2.87817,4.08333,15.1282,5.75331,2.02413,127
1064,2.89257,4.08333,15.1426,6.12778,2.0168,129
1065,2.9056,4.08333,15.1556,5.70358,2.01939,129
1066,2.91926,4.08333,15.1693,6.13933,2.02346,130
1067,2.93287,4.08333,15.1829,5.72874,2.01574,130
1068,2.94659,4.08333,15.1966,8.55939,2.02666,129
1069,2.96822,4.08333,15.2182,6.49277,2.36259,130
1070,2.98558,4.08333,15.2356,6.15709,2.01482,131
1071,3.00199,4.08333,15.252,6.19824,2.01885,130
1072,3.01464,4.08333,15.2646,6.19622,2.01507,130
1073,3.02761,4.08333,15.2776,5.69632,2.01872,130
1074,3.04677,4.08333,15.2968,5.7344,2.01427,131
1075,3.0627,4.08333,15.3127,6.20832,2.01789,131
1076,3.07759,4.08333,15.3276,6.43478,2.4616,132
1077,3.0937,4.08333,15.3437,6.13094,2.01699,130
1078,3.10843,4.08333,15.3584,6.40586,2.01702,130
1079,3.12409,4.08333,15.3741,6.23299,2.01648,130
1080,3.13784,4.08333,15.3878,5.74115,2.02902,130
1081,3.1548,4.08333,15.4048,6.13763,2.01786,130
1082,3.17398,4.08333,15.424,6.17949,2.02144,130
1083,3.18672,4.08333,15.4367,6.34528,2.49603,131
1084,3.2035,4.08333,15.4535,6.1369,2.01933,131
1085,3.21666,4.08333,15.4667,6.12653,2.01782,130
1086,3.22924,4.08333,15.4792,6.10608,2.01837,131
1087,3.24251,4.08333,15.4925,6.00992,2.01914,130
1088,3.25564,4.08333,15.5056,6.11117,2.73946,130
1089,3.26911,4.08333,15.5191,6.19693,2.03117,131
1090,3.28181,4.08333,15.5318,5.71158,2.01402,131
1091,3.29436,4.08333,15.5444,6.21664,2.01728,131
1092,3.30673,4.08333,15.5567,6.72048,2.4279,131
1093,3.32033,4.08333,15.5703,5.7528,2.01728,131
1094,3.33326,4.08333,15.5833,6.16454,2.33162,131
1095,3.3459,4.08333,15.5959,6.1457,2.02163,131
1096,3.35821,4.08333,15.6082,6.3311,2.01811,130
1097,3.37106,4.08333,15.6211,5.72723,2.01754,130
1098,3.38389,4.08333,15.6339,6.09898,2.02797,130
1099,3.39634,4.08333,15.6463,6.10813,2.3408,133
1100,3.409,4.08333,15.659,5.73178,2.02707,127
1101,3.42192,4.08333,15.6719,6.10762,2.02992,125
1102,3.4346,4.08333,15.6846,6.08682,2.31219,122
1103,3.44755,4.08333,15.6976,6.70579,2.02266,121
1104,3.46055,4.08333,15.7106,6.4424,2.03152,128
1105,3.47315,4.08333,15.7232,6.15706,2.02051,133
1106,3.48583,4.08333,15.7358,6.37907,2.01142,130
1107,3.49889,4.08333,15.7489,6.1233,2.01178,126
1108,3.51163,4.08333,15.7616,6.12918,2.01952,120
1109,3.52456,4.08333,15.7746,6.09318,2.3465,118
1110,3.53718,4.08333,15.7872,5.71757,2.01142,116
1111,3.54957,4.08333,15.7996,6.28432,2.0111,114
1112,3.56209,4.08333,15.8121,6.0993,2.01254,114
1113,3.57437,4.08333,15.8244,6.09357,2.01523,117
1114,3.58672,4.08333,15.8367,5.71357,2.01485,118
1115,3.59982,4.08333,15.8498,6.5983,2.01523,120
1116,3.61278,4.08333,15.8628,8.79418,4.44749,120
1117,3.63133,4.08333,15.8813,8.44858,2.01632,122
1118,3.65088,4.08333,15.9009,8.34611,3.58576,121
1119,3.6699,4.08333,15.9199,5.72022,2.01741,121
1120,3.6827,4.08333,15.9327,6.74579,2.49658,122
1121,3.69643,4.08333,15.9464,6.46352,2.01846,120
1122,3.70914,4.08333,15.9591,5.72755,2.01565,118
1123,3.72154,4.08333,15.9715,6.0849,2.01677,121
1124,3.73387,4.08333,15.9839,6.08605,2.01654,120
1125,3.74628,4.08333,15.9963,6.09312,2.01581,119
1126,3.75894,4.08333,16.0089,6.19818,2.01862,119
1127,3.77209,4.08333,16.0221,6.1263,2.0183,120
1128,3.78432,4.08333,16.0343,6.1248,2.01933,120
1129,3.79658,4.08333,16.0466,6.09219,2.02365,121
1130,3.80912,4.08333,16.0591,6.37165,2.01667,121
1131,3.822,4.08333,16.072,6.4135,2.01974,121
1132,3.83487,4.08333,16.0849,6.10576,2.02138,121
1133,3.84711,4.08333,16.0971,5.74742,2.01782,121
1134,3.85937,4.08333,16.1094,6.09802,2.01926,118
1135,3.87164,4.08333,16.1216,6.38566,2.32208,117
1136,3.88475,4.08333,16.1348,6.1321,2.34285,119
1137,3.8977,4.08333,16.1477,5.72448,2.03011,119
1138,3.91044,4.08333,16.1604,6.41267,2.89952,121
1139,3.92384,4.08333,16.1738,6.87277,2.01632,118
1140,3.9375,4.08333,16.1875,6.22944,2.02957,120
1141,3.95075,4.08333,16.2007,6.2047,2.02362,124
1142,3.96327,4.08333,16.2133,6.53786,2.01539,125
1143,3.97708,4.08333,16.2271,6.41878,2.01821,124
1144,3.98991,4.08333,16.2399,6.10685,2.01901,120
1145,4.00255,4.08333,16.2526,5.71424,2.0191,119
1146,4.01521,4.08333,16.2652,6.10502,2.01446,123
1147,4.02764,4.08333,16.2776,6.25882,2.01616,130
1148,4.04036,4.08333,16.2904,6.38794,2.02077,129
1149,4.05319,4.08333,16.3032,6.41795,2.01779,131
1150,4.06665,4.08333,16.3167,6.38912,2.44032,130
1151,4.08014,4.08333,16.3301,5.7113,2.34877,130
1152,0.0105419,4.08333,16.3439,6.17757,2.02141,131
1153,0.0236607,4.08333,16.357,6.1305,2.02291,129
1154,0.0369129,4.08333,16.3702,6.11558,2.02186,131
1155,0.0499935,4.08333,16.3833,6.40086,2.02051,131
1156,0.0627861,4.08333,16.3961,5.72128,2.01987,130
1157,0.0767632,4.08333,16.4101,6.09779,2.02064,131
1158,0.0894871,4.08333,16.4228,6.10701,2.02528,131
1159,0.10215,4.08333,16.4355,5.70906,4.02602,131
1160,0.118959,4.08333,16.4523,6.18157,2.01933,131
1161,0.133158,4.08333,16.4665,6.14342,2.01914,131
1162,0.1458,4.08333,16.4791,7.79722,2.52397,131
1163,0.162691,4.08333,16.496,8.47354,2.35309,131
1164,0.182135,4.08333,16.5155,6.15046,2.02349,130
1165,0.195484,4.08333,16.5288,6.19312,2.01933,131
1166,0.208565,4.08333,16.5419,6.09891,2.01926,129
1167,0.221153,4.08333,16.5545,6.10285,2.02499,132
1168,0.233585,4.08333,16.5669,6.66864,2.02256,131
1169,0.247105,4.08333,16.5804,6.18605,2.02275,132
1170,0.259972,4.08333,16.5933,6.67386,2.98307,132
1171,0.274759,4.08333,16.6081,6.45222,2.37664,132
1172,0.288809,4.08333,16.6221,6.62758,2.01952,133
1173,0.302025,4.08333,16.6354,6.18134,2.01555,133
1174,0.315107,4.08333,16.6484,6.14742,2.0152,133
1175,0.327936,4.08333,16.6613,6.68829,2.02342,132
1176,0.342014,4.08333,16.6753,7.15184,2.46579,131
1177,0.357019,4.08333,16.6904,6.88384,2.46426,132
1178,0.372162,4.08333,16.7055,6.69696,2.01942,132
1179,0.385489,4.08333,16.7188,6.10573,2.34752,132
1180,0.39888,4.08333,16.7322,6.11338,2.02138,133
1181,0.411736,4.08333,16.7451,6.13891,2.01507,135
1182,0.42502,4.08333,16.7584,6.05898,2.0177,135
1183,0.437401,4.08333,16.7707,6.12749,2.01706,134
1184,0.449883,4.08333,16.7832,6.36128,2.0191,125
1185,0.462553,4.08333,16.7959,5.6896,2.02813,124
1186,0.475094,4.08333,16.8084,6.24746,2.02262,133
1187,0.48761,4.08333,16.8209,6.0839,2.01728,133
1188,0.499907,4.08333,16.8332,6.10998,2.01933,133
1189,0.512533,4.08333,16.8459,5.70749,2.02624,131
1190,0.525631,4.08333,16.859,6.10266,2.32483,130
1191,0.538546,4.08333,16.8719,6.11466,2.01728,130
1192,0.550879,4.08333,16.8842,5.68733,2.01728,128
1193,0.563583,4.08333,16.8969,6.08973,2.0161,129
1194,0.576666,4.08333,16.91,6.11952,2.01773,129
1195,0.589005,4.08333,16.9223,6.09824,2.0167,128
1196,0.602966,4.08333,16.9363,6.11286,2.01786,131
1197,0.61784,4.08333,16.9512,6.12349,2.51059,131
1198,0.631365,4.08333,16.9647,6.11824,2.01933,130
1199,0.643738,4.08333,16.9771,6.12035,2.02752,131
1200,0.656384,4.08333,16.9897,5.7503,2.17072,131
1201,0.669779,4.08333,17.0031,6.46595,2.03405,131
1202,0.682919,4.08333,17.0163,6.14656,2.02957,130
1203,0.69623,4.08333,17.0296,6.24253,2.65818,129
1204,0.709553,4.08333,17.0429,6.19786,2.02957,126
1205,0.721916,4.08333,17.0553,6.93392,2.02989,127
1206,0.735779,4.08333,17.0691,6.13318,2.02854,126
1207,0.748795,4.08333,17.0821,6.1383,2.03571,128
1208,0.761456,4.08333,17.0948,5.74554,2.02387,124
1209,0.773756,4.08333,17.1071,6.12368,2.03571,124
1210,0.786875,4.08333,17.1202,6.15152,2.03123,126
1211,0.799431,4.08333,17.1328,6.14099,2.044,126
1212,0.811951,4.08333,17.1453,6.13347,2.03184,125
1213,0.824848,4.08333,17.1582,6.12621,2.02957,125
1214,0.837292,4.08333,17.1706,6.94195,2.31946,126
1215,0.851147,4.08333,17.1845,6.2816,2.02864,125
1216,0.864172,4.08333,17.1975,8.31789,2.03024,125
1217,0.881453,4.08333,17.2148,6.81539,2.02701,125
1218,0.897694,4.08333,17.231,6.39258,2.0192,124
1219,0.914419,4.08333,17.2478,7.27994,2.46858,124
1220,0.934605,4.08333,17.2679,10.6435,3.84294,127
1221,0.954931,4.08333,17.2883,5.71533,2.02118,128
1222,0.967707,4.08333,17.301,6.16826,2.03366,128
1223,0.980846,4.08333,17.3142,6.22323,2.01517,128
1224,0.993164,4.08333,17.3265,6.11677,2.01517,131
1225,1.00543,4.08333,17.3388,5.75603,2.01418,129
1226,1.01807,4.08333,17.3514,6.11661,2.01824,129
1227,1.03034,4.08333,17.3637,6.11606,2.01933,129
1228,1.04316,4.08333,17.3765,6.41949,2.01933,130
1229,1.05604,4.08333,17.3894,6.14013,2.01242,130
1230,1.06874,4.08333,17.4021,6.08195,2.02349,130
1231,1.08089,4.08333,17.4142,6.08992,2.01898,129
1232,1.09307,4.08333,17.4264,6.37466,2.01827,128
1233,1.10659,4.08333,17.4399,6.40579,2.91907,132
1234,1.12071,4.08333,17.454,6.43616,2.01728,131
1235,1.13386,4.08333,17.4672,6.11898,2.01798,132
1236,1.14623,4.08333,17.4796,6.45094,2.43798,133
1237,1.15925,4.08333,17.4926,6.51686,2.01523,135
1238,1.1726,4.08333,17.5059,6.39773,2.01728,126
1239,1.18617,4.08333,17.5195,6.29632,2.01933,125
1240,1.20028,4.08333,17.5336,6.44662,2.29597,125
1241,1.21549,4.08333,17.5488,6.02858,2.49469,125
1242,1.23205,4.08333,17.5654,6.008,2.01942,122
1243,1.24643,4.08333,17.5798,6.33402,2.42486,121
1244,1.25988,4.08333,17.5932,6.2663,2.01216,128
1245,1.27415,4.08333,17.6075,6.88518,2.42813,123
1246,1.28782,4.08333,17.6212,6.29664,2.02083,120
1247,1.30129,4.08333,17.6346,6.41005,2.44822,119
1248,1.31479,4.08333,17.6481,6.11984,2.01514,120
1249,1.32773,4.08333,17.6611,6.10438,2.01782,121
1250,1.3404,4.08333,17.6737,6.60992,2.01782,122
1251,1.35407,4.08333,17.6874,5.75382,2.01715,117
1252,1.36786,4.08333,17.7012,6.38758,2.02086,120
1253,1.38075,4.08333,17.7141,6.13744,2.02214,118
1254,1.39325,4.08333,17.7266,5.74288,2.01971,117
1255,1.40637,4.08333,17.7397,6.12627,2.29008,114
1256,1.41899,4.08333,17.7523,6.46166,2.0193,114
1257,1.43258,4.08333,17.7659,6.1969,2.28608,114
1258,1.44609,4.08333,17.7794,6.71011,2.3497,114
1259,1.46011,4.08333,17.7934,6.00266,2.33622,114
1260,1.47426,4.08333,17.8076,6.50922,2.01728,113
1261,1.48709,4.08333,17.8204,6.63741,2.49696,116
1262,1.50234,4.08333,17.8357,6.82595,2.01933,116
1263,1.51555,4.08333,17.8489,6.42333,2.01888,116
1264,1.52916,4.08333,17.8625,6.19872,2.29178,116
1265,1.54178,4.08333,17.8751,6.16301,2.01898,116
1266,1.55554,4.08333,17.8889,6.46915,2.46736,120
1267,1.5685,4.08333,17.9018,7.53162,2.01731,118
1268,1.58218,4.08333,17.9155,6.10064,2.01725,120
1269,1.59497,4.08333,17.9283,6.12285,2.48022,118
1270,1.60777,4.08333,17.9411,6.24867,2.01344,121
1271,1.62053,4.08333,17.9539,6.03693,2.01318,117
1272,1.6339,4.08333,17.9672,6.51197,2.01642,121
1273,1.64721,4.08333,17.9805,6.14586,2.01891,122
1274,1.66005,4.08333,17.9934,6.39133,2.01565,124
1275,1.67314,4.08333,18.0065,6.14317,2.0209,124
1276,1.68599,4.08333,18.0193,6.65574,2.02304,124
1277,1.69928,4.08333,18.0326,6.11789,2.01424,123
1278,1.71219,4.08333,18.0455,6.13219,2.0193,123
1279,1.7251,4.08333,18.0584,6.42448,2.01523,123
1280,1.73828,4.08333,18.0716,6.10461,2.01318,123
1281,1.75074,4.08333,18.0841,6.14461,2.01139,126
1282,1.76348,4.08333,18.0968,6.15418,2.01974,127
1283,1.77614,4.08333,18.1095,6.11994,2.01488,128
1284,1.78871,4.08333,18.122,6.59222,2.01933,130
1285,1.80159,4.08333,18.1349,6.81811,2.02253,128
1286,1.81487,4.08333,18.1482,6.3536,2.02048,127
1287,1.82841,4.08333,18.1617,6.14906,2.02275,128
1288,1.84101,4.08333,18.1743,6.67939,2.02342,128
1289,1.85479,4.08333,18.1881,6.21235,2.37379,128
1290,1.86839,4.08333,18.2017,6.49293,2.02138,127
1291,1.88238,4.08333,18.2157,6.45491,2.01856,127
1292,1.89577,4.08333,18.2291,7.14954,2.02381,124
1293,1.91003,4.08333,18.2434,6.42605,2.724,123
1294,1.9234,4.08333,18.2567,6.39846,2.02246,125
1295,1.93596,4.08333,18.2693,5.98509,2.02138,124
1296,1.94929,4.08333,18.2826,6.176,2.02954,114
1297,1.96172,4.08333,18.2951,6.4601,2.02566,114
1298,1.97439,4.08333,18.3077,5.71552,2.02384,114
1299,1.98729,4.08333,18.3206,6.12774,2.01728,118
1300,2.00002,4.08333,18.3334,6.12355,2.02045,110
1301,2.01274,4.08333,18.3461,6.13994,2.01728,107
1302,2.02555,4.08333,18.3589,6.45683,2.01482,104
1303,2.03854,4.08333,18.3719,6.67824,2.01728,104
1304,2.05161,4.08333,18.3849,6.15626,2.01859,105
1305,2.06412,4.08333,18.3975,6.18013,2.35955,108
1306,2.07707,4.08333,18.4104,6.1439,2.01728,107
1307,2.09002,4.08333,18.4234,6.74963,2.03293,107
1308,2.1057,4.08333,18.439,6.35459,2.02086,104
1309,2.11844,4.08333,18.4518,6.4728,2.01997,99
1310,2.13241,4.08333,18.4657,6.1728,2.03584,100
1311,2.14522,4.08333,18.4785,6.20966,2.02131,101
1312,2.15793,4.08333,18.4913,6.1505,2.02262,99
1313,2.17032,4.08333,18.5037,6.45898,2.02461,96
1314,2.18304,4.08333,18.5164,6.18445,2.03917,95
1315,2.19572,4.08333,18.5291,5.77245,2.02534,100
1316,2.20841,4.08333,18.5417,6.42627,2.29232,101
1317,2.22214,4.08333,18.5555,6.57478,2.02157,100
1318,2.23656,4.08333,18.5699,6.46285,2.82976,104
1319,2.25016,4.08333,18.5835,6.94157,2.01702,104
1320,2.26427,4.08333,18.5976,6.30243,2.50589,105
1321,2.27721,4.08333,18.6105,6.72886,2.01891,105
1322,2.29059,4.08333,18.6239,6.3007,2.02499,102
1323,2.30417,4.08333,18.6375,6.29018,2.01933,102
1324,2.31751,4.08333,18.6508,6.26118,2.01773,102
1325,2.33113,4.08333,18.6645,6.2744,2.51539,100
1326,2.34423,4.08333,18.6776,6.9497,2.34166,98
1327,2.35847,4.08333,18.6918,6.58054,2.51821,98
1328,2.37271,4.08333,18.706,5.79155,2.35939,97
1329,2.38672,4.08333,18.7201,6.32486,2.02586,99
1330,2.40083,4.08333,18.7342,6.3201,2.32358,100
1331,2.41449,4.08333,18.7478,6.21597,2.0256,102
1332,2.42768,4.08333,18.761,6.20941,2.01533,105
1333,2.44052,4.08333,18.7739,6.24048,2.02214,103
1334,2.45368,4.08333,18.787,6.66189,2.01818,102
1335,2.46739,4.08333,18.8007,6.17549,2.01888,105
1336,2.48014,4.08333,18.8135,6.1633,2.30093,105
1337,2.49371,4.08333,18.827,6.24358,2.01926,107
1338,2.50694,4.08333,18.8403,6.17818,2.02595,106
1339,2.51965,4.08333,18.853,6.47584,2.01565,113
1340,2.53306,4.08333,18.8664,6.2056,2.0169,114
1341,2.54622,4.08333,18.8796,6.18698,2.01882,113
1342,2.55887,4.08333,18.8922,6.23136,2.33149,109
1343,2.57283,4.08333,18.9062,6.2104,2.02221,115
1344,2.58572,4.08333,18.9191,6.43056,2.01728,114
1345,2.59841,4.08333,18.9317,6.03616,2.01581,123
1346,2.61206,4.08333,18.9454,6.23469,2.02298,124
1347,2.62476,4.08333,18.9581,6.47331,2.01926,127
1348,2.6387,4.08333,18.972,6.50419,2.01261,124
1349,2.65197,4.08333,18.9853,6.14685,2.01734,126
1350,2.66421,4.08333,18.9975,6.41853,2.02768,127
1351,2.67705,4.08333,19.0104,6.16842,2.03078,126
1352,2.6896,4.08333,19.0229,6.14266,2.29693,128
1353,2.70224,4.08333,19.0356,6.91987,2.02138,127
1354,2.71544,4.08333,19.0488,6.20557,2.0296,127
1355,2.72849,4.08333,19.0618,6.17526,2.02122,128
1356,2.74117,4.08333,19.0745,6.36256,2.01891,128
1357,2.75415,4.08333,19.0875,5.73606,2.01939,128
1358,2.76697,4.08333,19.1003,6.38368,2.44077,128
1359,2.78047,4.08333,19.1138,6.45712,2.02221,129
1360,2.79427,4.08333,19.1276,6.46784,2.28573,130
1361,2.80723,4.08333,19.1406,6.74,2.02733,131
1362,2.82028,4.08333,19.1536,6.43037,2.01914,131
1363,2.83398,4.08333,19.1673,6.17786,2.01901,132
1364,2.84641,4.08333,19.1797,6.30493,2.02547,130
1365,2.85952,4.08333,19.1929,6.17741,2.01523,129
1366,2.87209,4.08333,19.2054,6.40115,2.01728,129
1367,2.88482,4.08333,19.2181,6.93747,2.01568,129
1368,2.89922,4.08333,19.2326,6.13702,2.01498,129
1369,2.91207,4.08333,19.2454,6.14877,2.01968,130
1370,2.92439,4.08333,19.2577,6.74208,2.01699,130
1371,2.93879,4.08333,19.2721,6.42179,2.78006,129
1372,2.95235,4.08333,19.2857,6.55741,2.0175,129
1373,2.96689,4.08333,19.3002,6.1976,2.01642,130
1374,2.97957,4.08333,19.3129,6.23754,2.02384,131
1375,2.99215,4.08333,19.3255,6.19706,2.01562,130
1376,3.00506,4.08333,19.3384,6.14918,2.01888,130
1377,3.01819,4.08333,19.3515,6.32912,2.02589,130
1378,3.03186,4.08333,19.3652,6.29488,2.0167,130
1379,3.04435,4.08333,19.3777,6.13408,2.01933,130
1380,3.05675,4.08333,19.3901,6.12902,2.01514,131
1381,3.06903,4.08333,19.4024,5.7161,2.01571,131
1382,3.08217,4.08333,19.4155,6.12163,2.02861,131
1383,3.09472,4.08333,19.428,6.14989,2.34118,130
1384,3.10756,4.08333,19.4409,6.1041,2.0135,130
1385,3.12022,4.08333,19.4536,6.15853,2.34963,130
1386,3.13297,4.08333,19.4663,6.13856,2.01437,130
1387,3.14559,4.08333,19.4789,6.40614,2.01699,130
1388,3.15886,4.08333,19.4922,6.13306,2.01802,130
1389,3.17248,4.08333,19.5058,6.14422,2.35219,130
1390,3.18519,4.08333,19.5185,5.7073,2.01718,131
1391,3.19778,4.08333,19.5311,6.12995,2.01728,131
1392,3.21042,4.08333,19.5438,6.13664,2.02752,131
1393,3.22292,4.08333,19.5563,6.09667,2.02413,129
1394,3.23557,4.08333,19.5689,6.01382,2.01536,131
1395,3.24896,4.08333,19.5823,6.14762,2.01763,130
1396,3.26129,4.08333,19.5946,6.17616,2.01885,131
1397,3.27386,4.08333,19.6072,5.71056,2.01715,131
1398,3.28661,4.08333,19.6199,6.14646,2.01728,131
1399,3.29891,4.08333,19.6322,6.15536,2.01952,131
1400,3.31183,4.08333,19.6452,6.44278,2.01613,131
1401,3.32458,4.08333,19.6579,5.73136,2.01626,131
1402,3.33725,4.08333,19.6706,6.40378,2.02544,131
1403,3.35051,4.08333,19.6838,6.14102,2.01933,131
1404,3.36286,4.08333,19.6962,5.71616,2.0273,130
1405,3.37545,4.08333,19.7088,6.1271,2.01802,130
1406,3.38784,4.08333,19.7212,6.40512,2.02019,131
1407,3.40053,4.08333,19.7339,6.11322,2.34688,131
1408,3.41354,4.08333,19.7469,6.16262,2.04163,123
1409,3.4262,4.08333,19.7595,6.14064,2.04243,122
1410,3.43878,4.08333,19.7721,6.14845,2.03565,121
1411,3.45129,4.08333,19.7846,6.21242,2.36954,125
1412,3.46417,4.08333,19.7975,6.50662,2.05619,129
1413,3.47714,4.08333,19.8105,6.21034,2.0584,132
1414,3.48968,4.08333,19.823,6.22854,2.04317,129
1415,3.50235,4.08333,19.8357,6.22662,2.0545,123
1416,3.51488,4.08333,19.8482,6.2121,2.34362,119
1417,3.52798,4.08333,19.8613,6.49478,2.04045,117
1418,3.54091,4.08333,19.8742,6.25658,2.03955,116
1419,3.55376,4.08333,19.8871,6.2129,2.04522,115
1420,3.56639,4.08333,19.8997,6.42589,2.04579,118
1421,3.57946,4.08333,19.9128,6.06547,2.4857,119
1422,3.59565,4.08333,19.929,6.24288,2.04362,120
1423,3.61061,4.08333,19.9439,6.28096,2.04656,120
1424,3.62333,4.08333,19.9567,6.02515,2.0439,120
1425,3.63746,4.08333,19.9708,6.5409,2.04816,122
1426,3.65137,4.08333,19.9847,6.06003,2.04733,121
1427,3.6649,4.08333,19.9982,6.18291,2.03936,121
1428,3.67801,4.08333,20.0113,6.1879,2.368,122
1429,3.69129,4.08333,20.0246,6.20093,2.03837,120
1430,3.70423,4.08333,20.0376,6.17949,2.38102,119
1431,3.71737,4.08333,20.0507,5.76323,2.03136,120
1432,3.73162,4.08333,20.065,6.38118,2.03981,120
1433,3.74452,4.08333,20.0779,6.46285,2.03555,120
1434,3.75773,4.08333,20.0911,6.23168,2.03533,119
1435,3.77055,4.08333,20.1039,6.21744,2.03936,120
1436,3.78323,4.08333,20.1166,6.18624,2.03366,120
1437,3.79628,4.08333,20.1296,6.19853,2.04138,120
1438,3.80993,4.08333,20.1433,6.35459,2.03837,121
1439,3.8228,4.08333,20.1561,5.78784,2.03299,121
1440,3.83577,4.08333,20.1691,6.1921,2.03366,121
1441,3.84863,4.08333,20.182,6.19453,2.03376,121
1442,3.86148,4.08333,20.1948,5.74659,2.03568,118
1443,3.87405,4.08333,20.2074,6.16614,2.03184,117
1444,3.88701,4.08333,20.2203,6.14326,2.36365,118
1445,3.89987,4.08333,20.2332,6.89104,2.03542,120
1446,3.91366,4.08333,20.247,6.20275,2.0377,121
1447,3.93077,4.08333,20.2641,6.46771,2.03117,120
1448,3.9479,4.08333,20.2812,6.43158,2.02659,125
1449,3.96381,4.08333,20.2971,6.52259,2.03242,125
1450,3.97675,4.08333,20.3101,6.19379,2.03203,124
1451,3.98939,4.08333,20.3227,5.7511,2.03763,120
1452,4.0019,4.08333,20.3352,6.17677,2.03315,119
1453,4.01424,4.08333,20.3476,6.30947,2.03539,124
1454,4.02665,4.08333,20.36,6.46467,2.0335,130
1455,4.03935,4.08333,20.3727,5.77946,2.032,129
1456,4.05222,4.08333,20.3856,6.20493,2.03507,132
1457,4.06477,4.08333,20.3981,6.19178,2.0329,130
1458,4.0771,4.08333,20.4104,6.33114,2.03142,130
1459,0.00705957,4.08333,20.4237,6.16797,2.03782,131
1460,0.0194802,4.08333,20.4361,6.1511,2.36403,129
1461,0.0323358,4.08333,20.449,6.15149,2.03536,130
1462,0.0453858,4.08333,20.4621,6.17907,2.04419,131
1463,0.0580297,4.08333,20.4747,6.16083,2.03891,130
1464,0.0708852,4.08333,20.4876,6.15894,2.02966,131
1465,0.0834012,4.08333,20.5001,5.76816,2.35149,131
1466,0.0962834,4.08333,20.513,6.14666,2.31354,131
1467,0.109185,4.08333,20.5259,6.93267,2.03635,131
1468,0.122286,4.08333,20.539,6.36739,2.03309,131
1469,0.136086,4.08333,20.5528,6.46022,2.44912,131
1470,0.149199,4.08333,20.5659,6.38061,2.02947,131
1471,0.162911,4.08333,20.5796,7.05146,2.76845,131
1472,0.176939,4.08333,20.5936,6.48966,2.03366,131
1473,0.190638,4.08333,20.6073,6.25152,2.38957,130
1474,0.203412,4.08333,20.6201,6.96147,2.03328,131
1475,0.216803,4.08333,20.6335,6.31722,2.3113,131
1476,0.230517,4.08333,20.6472,6.28554,2.03402,131
1477,0.243464,4.08333,20.6601,6.97152,2.03011,131
1478,0.257338,4.08333,20.674,6.53744,2.51123,132
1479,0.270594,4.08333,20.6873,6.87139,2.36525,132
1480,0.28463,4.08333,20.7013,6.42874,2.73168,132
1481,0.297976,4.08333,20.7146,6.48182,2.03168,133
1482,0.310742,4.08333,20.7274,6.4912,2.03002,133
1483,0.324477,4.08333,20.7411,6.63949,2.50358,132
1484,0.337981,4.08333,20.7546,6.15622,2.03158,131
1485,0.351611,4.08333,20.7683,6.46829,2.50323,132
1486,0.36463,4.08333,20.7813,6.84851,2.03366,132
1487,0.377812,4.08333,20.7945,6.63584,2.03232,132
1488,0.391476,4.08333,20.8081,6.41245,2.03414,133
1489,0.40461,4.08333,20.8213,6.1432,2.0329,133
1490,0.41807,4.08333,20.8347,6.45738,2.50691,135
1491,0.431225,4.08333,20.8479,6.57328,2.03334,135
1492,0.444344,4.08333,20.861,6.49894,2.03536,129
1493,0.457541,4.08333,20.8742,7.30909,2.03373,124
1494,0.471695,4.08333,20.8884,6.15779,2.65469,129
1495,0.486197,4.08333,20.9029,6.50653,2.03162,133
1496,0.49931,4.08333,20.916,6.26253,2.03472,133
1497,0.513028,4.08333,20.9297,6.50864,2.45078,131
1498,0.526099,4.08333,20.9428,6.44899,2.03645,130
1499,0.538987,4.08333,20.9557,6.19498,2.35251,130
1500,0.551718,4.08333,20.9684,6.14282,2.33261,128
1501,0.564381,4.08333,20.981,6.13629,2.02912,129
1502,0.577609,4.08333,20.9943,6.18339,2.0303,130
1503,0.590334,4.08333,21.007,6.43722,2.03542,127
1504,0.603566,4.08333,21.0202,6.42909,2.04157,131
1505,0.616356,4.08333,21.033,6.18474,2.03162,131
1506,0.629109,4.08333,21.0458,6.16653,2.0296,130
1507,0.641417,4.08333,21.0581,6.1791,2.03341,131
1508,0.654686,4.08333,21.0714,6.0439,2.3001,131
1509,0.668677,4.08333,21.0853,7.37744,2.04163,131
1510,0.684008,4.08333,21.1007,7.06973,2.47203,130
1511,0.699059,4.08333,21.1157,5.74576,2.03162,128
1512,0.712636,4.08333,21.1293,6.8136,2.35939,128
1513,0.727452,4.08333,21.1441,6.22467,2.30851,127
1514,0.741066,4.08333,21.1577,6.25091,2.03363,125
1515,0.754433,4.08333,21.1711,6.21168,2.02806,127
1516,0.767405,4.08333,21.1841,6.22272,2.03571,125
1517,0.78068,4.08333,21.1973,6.15747,2.03008,125
1518,0.794159,4.08333,21.2108,6.17366,2.35517,125
1519,0.807316,4.08333,21.224,6.4207,2.47053,126
1520,0.820712,4.08333,21.2374,5.77008,2.03331,125
1521,0.834237,4.08333,21.2509,6.48339,2.03219,125
1522,0.847582,4.08333,21.2642,5.74266,2.03427,125
1523,0.862088,4.08333,21.2788,6.20864,2.03062,124
1524,0.87518,4.08333,21.2918,6.46458,2.03162,125
1525,0.889346,4.08333,21.306,6.4272,2.46963,126
1526,0.903061,4.08333,21.3197,6.58614,2.03184,124
1527,0.917559,4.08333,21.3342,6.26243,2.03126,125
1528,0.93096,4.08333,21.3476,6.95571,2.03184,127
1529,0.946059,4.08333,21.3627,6.95971,2.04422,129
1530,0.960097,4.08333,21.3768,6.21421,2.03181,128
1531,0.972682,4.08333,21.3893,6.2153,2.03776,128
1532,0.985352,4.08333,21.402,6.17882,2.02947,129
1533,0.998076,4.08333,21.4147,6.45926,2.02688,130
1534,1.01075,4.08333,21.4274,6.16394,2.02646,129
1535,1.02342,4.08333,21.4401,6.15878,2.03213,130
1536,1.03617,4.08333,21.4528,6.16976,2.03571,130
1537,1.04894,4.08333,21.4656,6.48608,2.03981,130
1538,1.06172,4.08333,21.4784,6.18054,2.03101,133
1539,1.07416,4.08333,21.4908,6.19235,2.03421,130
1540,1.08695,4.08333,21.5036,6.18413,2.03421,129
1541,1.09988,4.08333,21.5165,6.1303,2.03334,128
1542,1.11237,4.08333,21.529,6.53434,2.03389,131
1543,1.12669,4.08333,21.5434,6.22867,2.70102,131
1544,1.14001,4.08333,21.5567,6.78534,2.03248,132
1545,1.15303,4.08333,21.5697,6.40445,2.02877,135
1546,1.16738,4.08333,21.584,7.11792,2.03603,126
1547,1.18119,4.08333,21.5979,6.80371,2.03686,125
1548,1.19503,4.08333,21.6117,6.23917,2.04237,125
1549,1.20739,4.08333,21.6241,6.20893,2.04006,123
1550,1.22005,4.08333,21.6367,6.17734,2.03162,124
1551,1.23366,4.08333,21.6503,6.21197,2.03245,122
1552,1.24627,4.08333,21.6629,6.14749,2.02707,121
1553,1.2592,4.08333,21.6759,6.26291,2.29526,129
1554,1.27242,4.08333,21.6891,6.22032,2.03216,124
1555,1.2853,4.08333,21.702,6.00374,2.03162,121
1556,1.29944,4.08333,21.7161,6.20774,2.03731,119
1557,1.31259,4.08333,21.7293,6.53757,2.03232,120
1558,1.32689,4.08333,21.7436,6.53366,2.03782,122
1559,1.33971,4.08333,21.7564,6.22307,2.03485,122
1560,1.35256,4.08333,21.7692,5.82858,2.03507,117
1561,1.3662,4.08333,21.7829,6.82579,2.03571,119
1562,1.37993,4.08333,21.7966,6.49722,2.03338,118
1563,1.39413,4.08333,21.8108,6.87882,2.03293,117
1564,1.40769,4.08333,21.8244,5.7801,2.03581,115
1565,1.42109,4.08333,21.8378,6.28637,2.04874,114
1566,1.43362,4.08333,21.8503,6.55792,2.0351,114
1567,1.44624,4.08333,21.8629,5.81594,2.03069,114
1568,1.45889,4.08333,21.8756,6.23357,2.03264,114
1569,1.47118,4.08333,21.8878,6.2127,2.03456,114
1570,1.48357,4.08333,21.9002,6.20374,2.03613,116
1571,1.49604,4.08333,21.9127,6.81779,2.0361,115
1572,1.51057,4.08333,21.9272,6.46557,2.45738,116
1573,1.52391,4.08333,21.9406,5.83958,2.03712,116
1574,1.53655,4.08333,21.9532,6.18061,2.03894,116
1575,1.54908,4.08333,21.9657,6.4368,2.45034,120
1576,1.56242,4.08333,21.9791,6.17894,2.03283,119
1577,1.57551,4.08333,21.9922,6.19462,2.03418,119
1578,1.58837,4.08333,22.005,6.44016,2.44531,120
1579,1.60167,4.08333,22.0183,5.80032,2.3608,118
1580,1.61493,4.08333,22.0316,6.26112,2.0384,116
1581,1.62742,4.08333,22.0441,6.20493,2.02848,121
1582,1.63973,4.08333,22.0564,6.4791,2.04026,121
1583,1.65284,4.08333,22.0695,6.21597,2.0279,122
1584,1.66538,4.08333,22.0821,6.48931,2.0337,125
1585,1.67814,4.08333,22.0948,6.20355,2.0344,124
1586,1.69066,4.08333,22.1073,5.78502,2.03091,123
1587,1.7041,4.08333,22.1208,6.21939,2.032,124
1588,1.71682,4.08333,22.1335,6.38125,2.03296,123
1589,1.73011,4.08333,22.1468,6.2065,2.03776,123
1590,1.74251,4.08333,22.1592,6.24669,2.02899,125
1591,1.75504,4.08333,22.1717,6.44182,2.02957,125
1592,1.76782,4.08333,22.1845,5.79674,2.03552,127
1593,1.781,4.08333,22.1977,6.48144,2.51222,129
1594,1.79468,4.08333,22.2113,6.34429,2.03366,130
1595,1.80801,4.08333,22.2247,6.46538,2.03981,128
1596,1.82127,4.08333,22.2379,6.1623,2.03571,127
1597,1.83418,4.08333,22.2508,6.74829,2.04013,126
1598,1.84888,4.08333,22.2656,6.2175,2.03834,127
1599,1.86283,4.08333,22.2795,6.19523,2.03674,128
1600,1.87637,4.08333,22.293,6.55808,2.0361,127
1601,1.89037,4.08333,22.307,6.30483,2.0329,126
1602,1.90419,4.08333,22.3209,6.21683,2.03594,123
1603,1.91786,4.08333,22.3345,6.49267,2.7551,126
1604,1.93222,4.08333,22.3489,6.52778,2.04397,125
1605,1.94566,4.08333,22.3623,6.27174,2.04509,119
1606,1.95981,4.08333,22.3765,6.69427,2.0385,114
1607,1.97482,4.08333,22.3915,6.18256,2.0351,114
1608,1.98714,4.08333,22.4038,6.26237,2.0337,118
1609,1.99998,4.08333,22.4166,5.76662,2.03078,110
1610,2.01469,4.08333,22.4314,6.5192,2.03741,106
1611,2.0284,4.08333,22.4451,5.76368,2.03181,104
1612,2.04119,4.08333,22.4579,6.20003,2.03366,104
1613,2.05386,4.08333,22.4705,6.48794,2.3657,106
1614,2.06711,4.08333,22.4838,5.81366,2.03805,108
1615,2.08011,4.08333,22.4968,6.39696,2.03651,107
1616,2.09307,4.08333,22.5097,6.21219,2.03904,106
1617,2.10608,4.08333,22.5227,6.04781,2.03318,104
1618,2.12032,4.08333,22.537,6.4897,2.04717,99
1619,2.13354,4.08333,22.5502,5.80682,2.04806,99
1620,2.14611,4.08333,22.5628,6.23027,2.03757,101
1621,2.15906,4.08333,22.5757,6.61866,2.03776,99
1622,2.17305,4.08333,22.5897,6.26304,2.03814,95
1623,2.18557,4.08333,22.6022,6.23798,2.03776,94
1624,2.19913,4.08333,22.6158,5.82845,2.03594,101
1625,2.21167,4.08333,22.6283,6.92083,2.69994,99
1626,2.22586,4.08333,22.6425,6.22374,2.36339,100
1627,2.23886,4.08333,22.6555,6.8848,2.03776,104
1628,2.25271,4.08333,22.6694,6.63059,2.03914,105
1629,2.26592,4.08333,22.6826,6.28979,2.03395,105
1630,2.27885,4.08333,22.6955,6.564,2.0368,105
1631,2.29222,4.08333,22.7089,6.23389,2.03728,102
1632,2.30506,4.08333,22.7217,6.52755,2.04006,102
1633,2.31786,4.08333,22.7345,6.24605,2.36928,102
1634,2.33079,4.08333,22.7475,6.2376,2.03658,100
1635,2.34331,4.08333,22.76,6.10365,2.03731,98
1636,2.35673,4.08333,22.7734,6.25904,2.04026,98
1637,2.36946,4.08333,22.7861,6.55197,2.04198,97
1638,2.38315,4.08333,22.7998,6.76701,2.31571,99
1639,2.39664,4.08333,22.8133,6.36358,2.03738,100
1640,2.40927,4.08333,22.8259,5.83584,2.03958,100
1641,2.42185,4.08333,22.8385,6.30083,2.03344,101
1642,2.43462,4.08333,22.8513,6.85088,2.0296,104
1643,2.44815,4.08333,22.8648,6.82826,2.03408,103
1644,2.4616,4.08333,22.8783,7.14842,2.04768,105
1645,2.47496,4.08333,22.8916,5.79696,2.03456,104
1646,2.48743,4.08333,22.9041,6.34605,2.63821,103
1647,2.50081,4.08333,22.9175,6.60541,2.03968,107
1648,2.51362,4.08333,22.9303,6.29312,2.03293,111
1649,2.5265,4.08333,22.9432,6.26429,2.03245,113
1650,2.53938,4.08333,22.956,6.54528,2.03232,114
1651,2.55237,4.08333,22.969,6.5271,2.03546,113
1652,2.56582,4.08333,22.9825,6.26698,2.03408,114
1653,2.5785,4.08333,22.9952,6.25731,2.02752,114
1654,2.591,4.08333,23.0077,5.81491,2.14381,120
1655,2.60371,4.08333,23.0204,6.408,2.03341,125
1656,2.61648,4.08333,23.0331,6.52797,2.03734,123
1657,2.6296,4.08333,23.0463,6.19744,2.03162,128
1658,2.64261,4.08333,23.0593,6.21974,2.03306,124
1659,2.65506,4.08333,23.0717,6.43472,2.46944,126
1660,2.66837,4.08333,23.085,6.08067,2.03808,127
1661,2.68205,4.08333,23.0987,6.18534,2.03286,128
1662,2.69479,4.08333,23.1115,6.19382,2.0311,129
1663,2.70732,4.08333,23.124,5.76211,2.03408,127
1664,2.72025,4.08333,23.1369,6.50909,2.0336,128
1665,2.73383,4.08333,23.1505,6.62944,2.0343,128
1666,2.74843,4.08333,23.1651,6.55002,2.76067,128
1667,2.76209,4.08333,23.1788,6.25997,2.03491,129
1668,2.7751,4.08333,23.1918,6.57152,2.03206,128
1669,2.78801,4.08333,23.2047,6.2385,2.36365,129
1670,2.80126,4.08333,23.2179,6.15587,2.03763,131
1671,2.81419,4.08333,23.2309,6.19686,2.03162,131
1672,2.82675,4.08333,23.2434,6.4617,2.44941,132
1673,2.84044,4.08333,23.2571,6.44374,2.3095,131
1674,2.85475,4.08333,23.2714,6.49654,2.50454,129
1675,2.87349,4.08333,23.2902,6.02291,2.36512,129
1676,2.89118,4.08333,23.3078,6.22163,2.31798,129
1677,2.9049,4.08333,23.3216,6.4351,2.0439,129
1678,2.91775,4.08333,23.3344,5.79104,2.03376,130
1679,2.93129,4.08333,23.348,6.76614,2.5063,130
1680,2.94465,4.08333,23.3613,6.48893,2.04355,129
1681,2.95759,4.08333,23.3743,6.16701,2.03011,130
1682,2.97009,4.08333,23.3868,6.1911,2.03162,131
1683,2.98245,4.08333,23.3991,6.1823,2.03046,131
1684,2.99482,4.08333,23.4115,6.15805,2.03002,130
1685,3.00831,4.08333,23.425,6.7137,2.03942,130
1686,3.02261,4.08333,23.4393,6.20771,2.03648,130
1687,3.03622,4.08333,23.4529,6.19658,2.03981,130
1688,3.05585,4.08333,23.4725,6.16771,2.03917,131
1689,3.07211,4.08333,23.4888,6.46314,2.03178,131
1690,3.08731,4.08333,23.504,6.51453,2.03878,131
1691,3.10157,4.08333,23.5182,6.456,2.36758,130
1692,3.11718,4.08333,23.5338,6.20726,2.31738,130
1693,3.13257,4.08333,23.5492,6.48586,2.03315,130
1694,3.14773,4.08333,23.5644,6.23827,2.47846,130
1695,3.16375,4.08333,23.5804,6.74154,2.03882,130
1696,3.17911,4.08333,23.5958,6.2391,2.31504,131
1697,3.19383,4.08333,23.6105,6.51597,2.0336,131
1698,3.20729,4.08333,23.624,6.77549,2.73357,131
1699,3.22168,4.08333,23.6383,6.47139,2.35197,129
1700,3.23653,4.08333,23.6532,6.2583,2.04118,131
1701,3.24953,4.08333,23.6662,6.47622,2.03366,130
1702,3.26339,4.08333,23.6801,6.24099,2.31338,131
1703,3.27697,4.08333,23.6936,6.47731,2.03117,131
1704,3.2915,4.08333,23.7082,6.77027,2.03942,131
1705,3.30601,4.08333,23.7227,6.08026,2.03008,131
1706,3.31983,4.08333,23.7365,6.94851,2.03366,131
1707,3.33331,4.08333,23.75,6.31933,2.03344,131
1708,3.34725,4.08333,23.7639,6.23443,2.30643,131
1709,3.36006,4.08333,23.7767,6.44966,2.35018,130
1710,3.37356,4.08333,23.7902,6.22477,2.36125,130
1711,3.38701,4.08333,23.8037,6.88253,2.03328,131
1712,3.4007,4.08333,23.8174,6.25238,2.02768,131
1713,3.41374,4.08333,23.8304,6.47744,2.51184,123
1714,3.42703,4.08333,23.8437,6.30035,2.03507,122
1715,3.44083,4.08333,23.8575,6.7041,2.74886,120
1716,3.45441,4.08333,23.8711,6.47194,2.03674,125
1717,3.46749,4.08333,23.8842,6.22992,2.31459,129
1718,3.48074,4.08333,23.8974,6.4759,2.03776,130
1719,3.49497,4.08333,23.9116,6.4953,2.73315,127
1720,3.51062,4.08333,23.9273,5.77414,2.03226,123
1721,3.52626,4.08333,23.9429,6.22957,2.02739,118
1722,3.53935,4.08333,23.956,6.44704,2.02138,116
1723,3.55319,4.08333,23.9699,7.08282,2.03165,115
1724,3.56673,4.08333,23.9834,6.75222,2.02659,118
1725,3.58029,4.08333,23.997,6.42586,2.44646,119
1726,3.59347,4.08333,24.0101,6.48851,2.0321,120
1727,3.60712,4.08333,24.0238,6.20886,2.31418,120
1728,3.61991,4.08333,24.0366,7.1695,2.03072,120
1729,3.63334,4.08333,24.05,6.4824,2.03222,122
1730,3.64703,4.08333,24.0637,6.1785,2.0337,121
1731,3.65981,4.08333,24.0765,6.15859,2.03366,121
1732,3.6726,4.08333,24.0893,6.65181,2.03072,121
1733,3.68542,4.08333,24.1021,6.16982,2.03776,121
1734,3.69774,4.08333,24.1144,6.44365,2.03587,120
1735,3.71101,4.08333,24.1277,6.19914,2.02752,119
1736,3.72398,4.08333,24.1406,6.52288,2.03437,121
1737,3.73709,4.08333,24.1538,6.5233,2.028,120
1738,3.74993,4.08333,24.1666,6.4665,2.73178,119
1739,3.76424,4.08333,24.1809,6.47219,2.03299,119
1740,3.78216,4.08333,24.1988,6.49229,2.37776,120
1741,3.79903,4.08333,24.2157,6.20589,2.47562,121
1742,3.81554,4.08333,24.2322,5.74147,2.03923,121
1743,3.82987,4.08333,24.2465,6.64413,2.03952,121
1744,3.84492,4.08333,24.2616,6.44832,2.46995,121
1745,3.85872,4.08333,24.2754,6.1832,2.03786,118
1746,3.87229,4.08333,24.289,6.16979,2.03427,117
1747,3.88656,4.08333,24.3032,6.19235,2.36717,118
1748,3.89962,4.08333,24.3163,6.19043,2.03763,120
1749,3.91227,4.08333,24.3289,6.18288,2.03418,121
1750,3.92481,4.08333,24.3415,6.05962,2.03683,119
1751,3.93965,4.08333,24.3563,6.20637,2.03088,124
1752,3.95256,4.08333,24.3692,6.44214,2.03795,124
1753,3.96519,4.08333,24.3819,5.7689,2.02886,127
1754,3.97759,4.08333,24.3943,6.17891,2.0351,123
1755,3.98993,4.08333,24.4066,6.20256,2.03654,120
1756,4.0023,4.08333,24.419,6.31142,2.03078,119
1757,4.01596,4.08333,24.4326,6.42714,2.0295,127
1758,4.02869,4.08333,24.4454,6.13437,2.0344,129
1759,4.04114,4.08333,24.4578,6.69283,2.04186,129
1760,4.05419,4.08333,24.4709,6.21622,2.03469,131
1761,4.06726,4.08333,24.4839,6.14605,2.03459,130
1762,4.07991,4.08333,24.4966,6.30262,2.03274,130
1763,0.00993443,4.08333,24.5099,6.16067,2.03571,131
1764,0.0222521,4.08333,24.5223,6.39261,2.76384,129
1765,0.0354776,4.08333,24.5355,6.16106,2.03286,131
1766,0.0481825,4.08333,24.5482,6.13187,2.04326,131
1767,0.061307,4.08333,24.5613,6.46186,2.03715,130
1768,0.0743532,4.08333,24.5744,6.16861,2.03379,131
1769,0.0870047,4.08333,24.587,6.0425,2.04394,131
1770,0.100007,4.08333,24.6,6.16669,2.03808,131
1771,0.112388,4.08333,24.6124,6.17082,2.03162,131
1772,0.124869,4.08333,24.6249,6.15898,2.03299,131
1773,0.138131,4.08333,24.6381,6.15955,2.03494,131
1774,0.151452,4.08333,24.6515,6.69965,2.02998,131
1775,0.166633,4.08333,24.6666,6.22442,2.30986,131
1776,0.179931,4.08333,24.6799,6.46509,2.03389,130
1777,0.193246,4.08333,24.6932,6.23942,2.31078,130
1778,0.206847,4.08333,24.7068,6.46234,2.03869,130
1779,0.22058,4.08333,24.7206,6.48954,2.30826,131
1780,0.235002,4.08333,24.735,6.5247,2.03213,131
1781,0.248168,4.08333,24.7482,6.75811,2.46224,132
1782,0.263251,4.08333,24.7633,6.13085,2.02995,132
1783,0.277831,4.08333,24.7778,6.46189,2.50326,132
1784,0.291753,4.08333,24.7918,6.45267,2.03162,134
1785,0.305987,4.08333,24.806,6.59376,2.67514,133
1786,0.319669,4.08333,24.8197,5.73856,2.03421,132
1787,0.333787,4.08333,24.8338,6.40694,2.03424,131
1788,0.346795,4.08333,24.8468,6.15664,2.03344,131
1789,0.359614,4.08333,24.8596,6.16506,2.03446,132
1790,0.37227,4.08333,24.8723,6.13837,2.03366,132
1791,0.385482,4.08333,24.8855,6.13802,2.03562,132
1792,0.398244,4.08333,24.8982,6.35658,2.02848,133
1793,0.411405,4.08333,24.9114,6.168,2.03498,135
1794,0.423858,4.08333,24.9239,6.31421,2.03571,134
1795,0.436795,4.08333,24.9368,6.34742,2.03168,134
1796,0.450093,4.08333,24.9501,6.1569,2.03686,125
1797,0.46326,4.08333,24.9633,6.44144,2.03283,124
1798,0.47767,4.08333,24.9777,7.19878,2.03805,133
1799,0.491721,4.08333,24.9917,6.17334,2.93264,133
1800,0.506558,4.08333,25.0066,7.26054,2.03248,131
1801,0.520728,4.08333,25.0207,6.53574,2.03818,131
1802,0.534307,4.08333,25.0343,6.2272,2.03382,130
1803,0.547341,4.08333,25.0473,6.20925,2.0321,129
1804,0.560006,4.08333,25.06,6.16038,2.03395,128
1805,0.572692,4.08333,25.0727,6.16502,2.03142,130
1806,0.585401,4.08333,25.0854,6.60454,2.03197,129
1807,0.59929,4.08333,25.0993,6.24198,2.03162,131
1808,0.611743,4.08333,25.1117,6.90989,2.03382,131
1809,0.62535,4.08333,25.1254,6.40026,2.30829,130
1810,0.63874,4.08333,25.1387,6.19062,2.03104,131
1811,0.651284,4.08333,25.1513,6.52176,2.02515,131
1812,0.665654,4.08333,25.1657,6.23594,2.03238,131
1813,0.67883,4.08333,25.1788,6.65155,2.03334,130
1814,0.692365,4.08333,25.1924,6.78432,2.50966,130
1815,0.705951,4.08333,25.206,6.60202,2.03411,126
1816,0.720031,4.08333,25.22,6.25184,2.37322,127
1817,0.733069,4.08333,25.2331,6.88141,2.03299,126
1818,0.746507,4.08333,25.2465,6.70394,2.52509,128
1819,0.76229,4.08333,25.2623,6.69779,2.02694,124
1820,0.776612,4.08333,25.2766,6.2049,2.33798,124
1821,0.789289,4.08333,25.2893,7.01155,2.03504,126
1822,0.803203,4.08333,25.3032,6.50995,2.68534,126
1823,0.816594,4.08333,25.3166,6.9393,2.03834,125
1824,0.829957,4.08333,25.33,6.42762,2.03434,126
1825,0.843696,4.08333,25.3437,6.72,2.0351,126
1826,0.857141,4.08333,25.3571,6.3369,2.02957,125
1827,0.871661,4.08333,25.3717,7.16227,2.03152,125
1828,0.884999,4.08333,25.385,6.00397,2.03072,126
1829,0.898599,4.08333,25.3986,6.27776,2.30787,124
1830,0.911323,4.08333,25.4113,6.6719,2.03171,124
1831,0.924607,4.08333,25.4246,6.75251,2.02973,125
1832,0.937617,4.08333,25.4376,6.25078,2.03162,127
1833,0.95012,4.08333,25.4501,6.47907,2.03498,128
1834,0.962928,4.08333,25.4629,6.24976,2.03546,128
1835,0.976096,4.08333,25.4761,6.21267,2.03411,128
1836,0.98866,4.08333,25.4887,6.39072,2.03901,129
1837,1.00142,4.08333,25.5014,6.04758,2.02643,129
1838,1.01472,4.08333,25.5147,6.1775,2.03773,129
1839,1.02721,4.08333,25.5272,6.18352,2.02806,131
1840,1.0399,4.08333,25.5399,5.77654,2.03098,130
1841,1.05255,4.08333,25.5526,6.17584,2.03091,130
1842,1.06496,4.08333,25.565,6.17459,2.36022,131
1843,1.07765,4.08333,25.5777,6.15712,2.03571,129
1844,1.0902,4.08333,25.5902,5.71862,2.03392,129
1845,1.10361,4.08333,25.6036,6.16122,2.0393,131
1846,1.11611,4.08333,25.6161,6.2112,2.03325,131
1847,1.12953,4.08333,25.6295,6.17123,2.05642,132
1848,1.14231,4.08333,25.6423,6.63901,2.03398,132
1849,1.1552,4.08333,25.6552,6.57437,2.02851,135
1850,1.16872,4.08333,25.6687,6.252,2.04115,126
1851,1.18139,4.08333,25.6814,6.22438,2.03571,125
1852,1.19403,4.08333,25.694,6.21728,2.04355,126
1853,1.20708,4.08333,25.7071,6.45898,2.03245,124
1854,1.21964,4.08333,25.7196,6.45952,2.03891,124
1855,1.23232,4.08333,25.7323,6.18422,2.03494,122
1856,1.24485,4.08333,25.7448,5.72384,2.02838,121
1857,1.25741,4.08333,25.7574,6.34381,2.02979,123
1858,1.27016,4.08333,25.7702,6.18451,2.03178,125
1859,1.28272,4.08333,25.7827,6.1775,2.03331,122
1860,1.29525,4.08333,25.7952,6.18048,2.03981,119
1861,1.30866,4.08333,25.8087,6.21322,2.03571,117
1862,1.32252,4.08333,25.8225,6.17712,2.04298,124
1863,1.33612,4.08333,25.8361,6.48794,2.45622,118
1864,1.3506,4.08333,25.8506,5.78813,2.03338,117
1865,1.3646,4.08333,25.8646,6.2327,2.36294,120
1866,1.37777,4.08333,25.8778,6.17302,2.03517,117
1867,1.39101,4.08333,25.891,6.24259,2.03786,117
1868,1.40393,4.08333,25.9039,6.1655,2.03734,116
1869,1.41678,4.08333,25.9168,5.79936,2.03366,114
1870,1.43139,4.08333,25.9314,6.20301,2.36416,114
1871,1.44572,4.08333,25.9457,6.44973,2.44941,114
1872,1.46092,4.08333,25.9609,5.80477,2.03366,114
1873,1.47416,4.08333,25.9742,6.26125,2.03469,113
1874,1.48707,4.08333,25.9871,6.56806,2.03571,116
1875,1.50047,4.08333,26.0005,6.48669,2.03443,116
1876,1.51478,4.08333,26.0148,6.90163,2.03709,116
1877,1.52925,4.08333,26.0292,6.30208,3.65162,116
1878,1.54422,4.08333,26.0442,6.49424,2.03328,115
1879,1.55902,4.08333,26.059,6.73382,2.03328,120
1880,1.57404,4.08333,26.074,6.27654,2.53354,119
1881,1.5874,4.08333,26.0874,6.27206,2.03427,120
1882,1.60249,4.08333,26.1025,6.28493,2.52096,117
1883,1.61591,4.08333,26.1159,6.28819,2.0297,117
1884,1.63025,4.08333,26.1303,6.31251,2.50998,121
1885,1.64334,4.08333,26.1433,6.23981,2.03018,121
1886,1.65709,4.08333,26.1571,6.29434,2.52163,123
1887,1.67099,4.08333,26.171,6.5231,2.03747,125
1888,1.68558,4.08333,26.1856,6.7856,2.03645,124
1889,1.69902,4.08333,26.199,6.47824,2.03325,123
1890,1.71373,4.08333,26.2137,7.30634,2.03478,123
1891,1.72727,4.08333,26.2273,6.45571,2.29898,123
1892,1.74122,4.08333,26.2412,6.29142,2.03203,125
1893,1.75418,4.08333,26.2542,5.83866,2.03571,125
1894,1.7672,4.08333,26.2672,6.51181,2.3593,127
1895,1.78084,4.08333,26.2808,6.26682,2.0344,129
1896,1.79432,4.08333,26.2943,5.76358,2.35363,130
1897,1.81302,4.08333,26.313,6.06659,2.03776,129
1898,1.83188,4.08333,26.3319,5.78403,2.04186,127
1899,1.84474,4.08333,26.3447,6.1593,2.03734,128
1900,1.8576,4.08333,26.3576,6.2112,2.03581,127
1901,1.87032,4.08333,26.3703,6.07651,2.04224,127
1902,1.88417,4.08333,26.3842,6.19744,2.03162,127
1903,1.89738,4.08333,26.3974,6.73245,2.04272,123
1904,1.9106,4.08333,26.4106,6.2057,2.03827,123
1905,1.92342,4.08333,26.4234,6.15309,2.03565,125
1906,1.93623,4.08333,26.4362,6.20106,2.04854,124
1907,1.94917,4.08333,26.4492,6.21037,2.03642,114
1908,1.96224,4.08333,26.4622,6.1784,2.04115,114
1909,1.97463,4.08333,26.4746,6.19293,2.03923,114
1910,1.98699,4.08333,26.487,5.79706,2.37398,118
1911,1.99985,4.08333,26.4998,6.15069,2.03366,110
1912,2.01236,4.08333,26.5124,6.34941,2.03491,107
1913,2.02544,4.08333,26.5254,5.82806,2.03398,104
1914,2.03866,4.08333,26.5387,6.35306,2.04333,104
1915,2.05133,4.08333,26.5513,6.21213,2.03494,105
1916,2.06374,4.08333,26.5637,6.21936,2.03824,108
1917,2.07626,4.08333,26.5763,6.72224,2.04454,107
1918,2.09046,4.08333,26.5905,6.90048,2.03213,107
1919,2.10375,4.08333,26.6038,5.77888,2.03584,104
1920,2.11673,4.08333,26.6167,6.26246,2.03635,99
1921,2.12968,4.08333,26.6297,6.19795,2.04493,99
1922,2.14243,4.08333,26.6424,6.24762,2.03958,101
1923,2.15618,4.08333,26.6562,6.57837,2.03869,99
1924,2.16928,4.08333,26.6693,5.8287,2.0417,95
1925,2.18218,4.08333,26.6822,6.29062,2.0415,95
1926,2.19484,4.08333,26.6948,6.24003,2.5655,100
1927,2.2084,4.08333,26.7084,6.13984,2.04086,101
1928,2.22144,4.08333,26.7214,6.64602,2.04019,100
1929,2.23456,4.08333,26.7346,6.19363,2.03594,104
1930,2.24726,4.08333,26.7473,6.25674,2.03523,104
1931,2.25979,4.08333,26.7598,6.38266,2.03981,105
1932,2.27256,4.08333,26.7726,6.63366,2.0391,105
1933,2.28619,4.08333,26.7862,6.22666,2.03366,102
1934,2.29895,4.08333,26.799,6.50509,2.0433,102
1935,2.31168,4.08333,26.8117,6.22502,2.36314,102
1936,2.32484,4.08333,26.8248,6.24186,2.03376,101
1937,2.33789,4.08333,26.8379,6.24576,2.03997,99
1938,2.35071,4.08333,26.8507,6.28429,2.03731,98
1939,2.36386,4.08333,26.8639,6.31184,2.04317,98
1940,2.37669,4.08333,26.8767,6.56208,2.03907,98
1941,2.3895,4.08333,26.8895,6.26211,2.03571,100
1942,2.40236,4.08333,26.9024,6.30413,2.04323,100
1943,2.41518,4.08333,26.9152,6.23869,2.03728,102
1944,2.42779,4.08333,26.9278,5.85126,2.03318,105
1945,2.44151,4.08333,26.9415,6.24714,2.37325,103
1946,2.45492,4.08333,26.9549,6.53907,2.03706,99
1947,2.46816,4.08333,26.9682,6.21699,2.03904,105
1948,2.48117,4.08333,26.9812,6.48982,2.37213,104
1949,2.49501,4.08333,26.995,5.86291,2.03248,107
1950,2.50875,4.08333,27.0087,6.21805,2.37203,106
1951,2.52272,4.08333,27.0227,5.80128,2.0369,114
1952,2.53703,4.08333,27.037,6.35757,2.03366,114
1953,2.55096,4.08333,27.051,6.33203,2.03248,112
1954,2.56629,4.08333,27.0663,6.25098,2.03626,114
1955,2.58179,4.08333,27.0818,6.21382,2.03258,114
1956,2.59611,4.08333,27.0961,9.86278,2.68413,123
1957,2.61569,4.08333,27.1157,5.80218,2.04186,124
1958,2.63056,4.08333,27.1306,6.29187,2.03357,128
1959,2.64448,4.08333,27.1445,6.07366,2.46957,125
1960,2.65981,4.08333,27.1598,6.07517,2.03379,127
1961,2.6757,4.08333,27.1757,6.17789,2.03194,126
1962,2.68949,4.08333,27.1895,6.22397,2.0384,128
1963,2.7041,4.08333,27.2041,6.45354,2.03533,127
1964,2.71782,4.08333,27.2178,6.19178,2.0361,128
1965,2.73155,4.08333,27.2316,6.18746,2.03315,128
1966,2.745,4.08333,27.245,6.17853,2.03581,128
1967,2.75762,4.08333,27.2576,6.46541,2.45882,129
1968,2.77147,4.08333,27.2715,5.77341,2.03322,128
1969,2.78518,4.08333,27.2852,6.21264,2.03456,129
1970,2.79797,4.08333,27.298,6.35654,2.03213,131
1971,2.81154,4.08333,27.3115,6.3705,2.03514,131
1972,2.82497,4.08333,27.325,6.25222,2.63293,131
1973,2.83902,4.08333,27.339,6.26422,2.03485,131
1974,2.85293,4.08333,27.3529,6.74957,2.03702,129
1975,2.86634,4.08333,27.3663,6.31302,3.58042,129
1976,2.88247,4.08333,27.3825,6.30493,2.60662,129
1977,2.89789,4.08333,27.3979,7.09613,2.03216,129
1978,2.91322,4.08333,27.4132,6.31488,2.56,130
1979,2.92649,4.08333,27.4265,6.26358,2.03507,130
1980,2.94124,4.08333,27.4412,7.03946,2.0321,129
1981,2.95507,4.08333,27.4551,6.232,2.03037,129
1982,2.96906,4.08333,27.4691,6.56762,2.02957,130
1983,2.98353,4.08333,27.4835,6.7969,2.96957,131
1984,2.99783,4.08333,27.4978,6.83104,2.31843,130
1985,3.0128,4.08333,27.5128,7.49232,2.956,130
1986,3.02812,4.08333,27.5281,6.5831,2.61808,130
1987,3.04231,4.08333,27.5423,6.5616,2.32835,130
1988,3.05682,4.08333,27.5568,6.27286,2.59002,131
1989,3.06984,4.08333,27.5698,6.75696,2.02979,131
1990,3.08292,4.08333,27.5829,6.22899,2.03322,131
1991,3.09567,4.08333,27.5957,6.24432,2.03034,130
1992,3.10847,4.08333,27.6085,6.14448,2.02909,130
1993,3.12088,4.08333,27.6209,6.19958,2.032,130
1994,3.13358,4.08333,27.6336,6.17594,2.03101,130
1995,3.14612,4.08333,27.6461,6.1641,2.36413,130
1996,3.15881,4.08333,27.6588,5.76771,2.03501,130
1997,3.17194,4.08333,27.6719,6.16,2.03162,130
1998,3.18421,4.08333,27.6842,6.17581,2.0352,131
1999,3.19646,4.08333,27.6965,6.18979,2.03494,131
2000,3.2089,4.08333,27.7089,6.15408,2.03587,131
2001,3.22206,4.08333,27.7221,6.36048,2.03827,129
2002,3.23538,4.08333,27.7354,6.19251,2.03366,131
2003,3.24787,4.08333,27.7479,6.04234,2.03366,130
2004,3.26037,4.08333,27.7604,6.17146,2.03734,130
2005,3.27302,4.08333,27.773,6.16694,2.03293,131
2006,3.28562,4.08333,27.7856,6.20138,2.0303,131
2007,3.29851,4.08333,27.7985,6.54342,2.03264,131
2008,3.3119,4.08333,27.8119,6.20915,2.03258,131
2009,3.32424,4.08333,27.8242,6.18317,2.32688,131
2010,3.33756,4.08333,27.8376,6.24611,2.0321,131
2011,3.3499,4.08333,27.8499,6.51376,2.53274,131
2012,3.3632,4.08333,27.8632,6.56547,2.03443,130
2013,3.3767,4.08333,27.8767,6.46963,2.45715,130
2014,3.3908,4.08333,27.8908,6.48662,2.02957,132
2015,3.40425,4.08333,27.9043,6.16154,2.33558,127
2016,3.41719,4.08333,27.9172,6.24592,2.03366,126
2017,3.42969,4.08333,27.9297,6.49754,2.04189,121
2018,3.44304,4.08333,27.943,6.19622,2.03542,121
2019,3.45608,4.08333,27.9561,6.16445,2.0375,126
2020,3.46855,4.08333,27.9685,6.16333,2.03334,133
2021,3.48102,4.08333,27.981,6.44832,2.03507,130
2022,3.4943,4.08333,27.9943,6.1832,2.35008,127
2023,3.50703,4.08333,28.007,6.57549,2.35766,123
2024,3.52049,4.08333,28.0205,6.21219,2.02688,117
2025,3.53292,4.08333,28.0329,6.18144,2.02752,117
2026,3.54554,4.08333,28.0455,6.71968,2.02685,115
2027,3.5586,4.08333,28.0586,5.75206,2.02957,115
2028,3.57146,4.08333,28.0715,6.2207,2.03328,117
2029,3.58426,4.08333,28.0843,6.52678,2.03366,119
2030,3.59746,4.08333,28.0975,5.7497,2.03338,120
2031,3.61038,4.08333,28.1104,6.49779,2.45517,120
2032,3.6242,4.08333,28.1242,5.75158,2.03139,120
2033,3.63745,4.08333,28.1375,6.17309,2.03184,122
2034,3.64985,4.08333,28.1499,6.45414,2.0391,121
2035,3.66284,4.08333,28.1628,6.17216,2.03606,121
2036,3.6757,4.08333,28.1757,6.26154,2.04173,121
2037,3.68826,4.08333,28.1883,6.22762,2.0311,120
2038,3.70106,4.08333,28.2011,6.49696,2.03914,119
2039,3.71421,4.08333,28.2142,6.4913,2.04989,120
2040,3.728,4.08333,28.228,6.15251,2.02918,120
2041,3.74054,4.08333,28.2405,5.78579,2.03379,120
2042,3.75326,4.08333,28.2533,6.2385,2.03414,119
2043,3.76577,4.08333,28.2658,6.6929,2.4593,119
2044,3.77944,4.08333,28.2794,5.78285,2.10243,120
2045,3.7929,4.08333,28.2929,6.64227,2.46458,120
2046,3.80663,4.08333,28.3066,6.39974,2.03517,120
2047,3.81989,4.08333,28.3199,6.43946,2.03795,121
2048,3.8334,4.08333,28.3334,6.20854,2.03776,121
2049,3.84573,4.08333,28.3457,6.18893,2.03366,121
2050,3.85842,4.08333,28.3584,6.45491,2.03366,118
2051,3.87198,4.08333,28.372,6.1697,2.3664,117
2052,3.88484,4.08333,28.3848,5.76582,2.03533,119
2053,3.89767,4.08333,28.3977,6.20227,2.03987,119
2054,3.91071,4.08333,28.4107,6.1799,2.03434,121
2055,3.92363,4.08333,28.4236,5.76768,2.03274,118
2056,3.93827,4.08333,28.4383,6.75629,2.0327,124
2057,3.9528,4.08333,28.4528,6.17085,2.03005,124
2058,3.96586,4.08333,28.4659,6.19178,2.03453,127
2059,3.97846,4.08333,28.4785,6.1999,2.35315,123
2060,3.99257,4.08333,28.4926,6.26198,2.03981,119
2061,4.00542,4.08333,28.5054,6.21152,2.03731,120
2062,4.01813,4.08333,28.5181,5.78202,2.02909,128
2063,4.03166,4.08333,28.5317,6.18624,2.0359,129
2064,4.04428,4.08333,28.5443,6.47258,2.0337,130
2065,4.05754,4.08333,28.5575,6.19997,2.03405,131
2066,4.07089,4.08333,28.5709,6.14355,2.03418,130
2067,4.08329,4.08333,28.5833,6.86301,2.02995,130
2068,0.0136046,4.08333,28.5969,6.18496,2.0359,130
2069,0.026382,4.08333,28.6097,7.13443,2.04314,129
2070,0.0405917,4.08333,28.6239,6.18563,2.03366,131
2071,0.0535426,4.08333,28.6369,6.1745,2.34554,130
2072,0.0667472,4.08333,28.6501,6.15971,2.37334,130
2073,0.0803638,4.08333,28.6637,6.1695,2.35757,131
2074,0.0933986,4.08333,28.6767,6.22902,2.03494,131
2075,0.105934,4.08333,28.6893,6.21821,2.04243,131
2076,0.119489,4.08333,28.7028,6.24019,2.04534,131
2077,0.132381,4.08333,28.7157,6.46035,2.03472,131
2078,0.144952,4.08333,28.7283,6.66659,2.02992,131
2079,0.158527,4.08333,28.7419,6.17072,2.03424,131
2080,0.170806,4.08333,28.7541,6.17568,2.03366,131
2081,0.183376,4.08333,28.7667,6.16045,2.0305,130
2082,0.195823,4.08333,28.7792,6.45347,2.0328,131
2083,0.208511,4.08333,28.7918,6.17018,2.33942,129
2084,0.221109,4.08333,28.8044,6.23379,2.37347,132
2085,0.233779,4.08333,28.8171,6.26038,2.03366,131
2086,0.246677,4.08333,28.83,6.80931,2.45888,131
2087,0.260307,4.08333,28.8436,6.17808,2.04294,132
2088,0.273241,4.08333,28.8566,6.0079,2.04576,132
2089,0.286539,4.08333,28.8699,6.18256,2.03632,132
2090,0.29906,4.08333,28.8824,6.33789,2.03219,133
2091,0.311704,4.08333,28.895,5.7592,2.03162,133
2092,0.32456,4.08333,28.9079,6.1601,2.35962,132
2093,0.337614,4.08333,28.9209,6.24118,2.03712,131
2094,0.350593,4.08333,28.9339,6.03616,2.04278,132
2095,0.363416,4.08333,28.9468,6.52598,2.0457,132
2096,0.376274,4.08333,28.9596,6.16195,2.0361,132
2097,0.38875,4.08333,28.9721,6.38432,2.04448,133
2098,0.401556,4.08333,28.9849,6.18829,2.0327,133
2099,0.413978,4.08333,28.9973,6.43453,2.03363,135
2100,0.426765,4.08333,29.0101,6.42182,2.03386,135
2101,0.439657,4.08333,29.023,5.75354,2.02979,134
2102,0.452459,4.08333,29.0358,6.14835,2.04016,124
2103,0.464803,4.08333,29.0481,6.46227,2.03366,124
2104,0.477638,4.08333,29.061,5.74083,2.03274,133
2105,0.490634,4.08333,29.074,6.1624,2.03152,133
2106,0.503019,4.08333,29.0864,6.14176,2.03366,132
2107,0.515487,4.08333,29.0988,6.33293,2.37251,131
2108,0.529357,4.08333,29.1127,6.22845,2.03741,130
2109,0.541872,4.08333,29.1252,6.21315,2.03382,130
2110,0.554622,4.08333,29.138,6.20381,2.03571,128
2111,0.567758,4.08333,29.1511,6.14474,2.03197,130
2112,0.580694,4.08333,29.164,6.44237,2.03203,129
2113,0.593883,4.08333,29.1772,6.14966,2.0375,129
2114,0.606765,4.08333,29.1901,6.18208,2.03066,131
2115,0.619283,4.08333,29.2026,6.72227,2.45936,131
2116,0.632679,4.08333,29.216,6.06704,2.02992,130
2117,0.646558,4.08333,29.2299,6.20518,2.03293,131
2118,0.659257,4.08333,29.2426,6.15562,2.02771,131
2119,0.672002,4.08333,29.2553,5.73814,2.03398,130
2120,0.684394,4.08333,29.2677,6.44787,2.31018,130
2121,0.69782,4.08333,29.2812,6.91613,2.0311,128
2122,0.711963,4.08333,29.2953,6.52672,2.51434,128
2123,0.726854,4.08333,29.3102,6.04371,2.79626,127
2124,0.743196,4.08333,29.3265,5.74051,2.0369,128
2125,0.758686,4.08333,29.342,6.23034,2.02909,126
2126,0.772489,4.08333,29.3558,6.52429,2.02995,125
2127,0.785493,4.08333,29.3688,6.14608,2.03571,126
2128,0.797945,4.08333,29.3813,6.45011,2.04134,125
2129,0.810623,4.08333,29.394,6.15542,2.03245,125
2130,0.823638,4.08333,29.407,6.1671,2.03549,125
2131,0.836284,4.08333,29.4196,6.22541,2.03997,126
2132,0.849187,4.08333,29.4325,5.74522,2.03677,125
2133,0.862672,4.08333,29.446,6.47626,2.03418,125
2134,0.875509,4.08333,29.4588,6.15267,2.03094,124
2135,0.887905,4.08333,29.4712,5.76227,2.02957,126
2136,0.900571,4.08333,29.4839,6.24381,2.04355,124
2137,0.913047,4.08333,29.4964,6.49331,2.35136,124
2138,0.926113,4.08333,29.5094,6.21357,2.03082,127
2139,0.938947,4.08333,29.5223,6.22672,2.03226,127
2140,0.951629,4.08333,29.535,6.23037,2.0385,128
2141,0.964004,4.08333,29.5473,6.24506,2.03248,128
2142,0.976753,4.08333,29.5601,5.76669,2.03366,128
2143,0.989416,4.08333,29.5728,6.50944,2.4729,129
2144,1.00367,4.08333,29.587,6.23526,2.04842,129
2145,1.01766,4.08333,29.601,6.3807,2.05005,129
2146,1.03116,4.08333,29.6145,6.50218,2.04435,129
2147,1.04474,4.08333,29.6281,6.24435,2.30989,130
2148,1.05811,4.08333,29.6414,6.29322,2.05018,132
2149,1.07105,4.08333,29.6544,5.7993,2.04333,129
2150,1.08442,4.08333,29.6678,6.2569,2.04496,129
2151,1.09781,4.08333,29.6811,6.19709,2.04362,128
2152,1.11125,4.08333,29.6946,6.46842,2.04461,131
2153,1.12465,4.08333,29.708,6.20582,2.04432,131
2154,1.13789,4.08333,29.7212,6.23011,2.36342,132
2155,1.15085,4.08333,29.7342,6.2039,2.0521,135
2156,1.16358,4.08333,29.7469,6.1936,2.03981,134
2157,1.17659,4.08333,29.7599,6.52643,2.47206,125
2158,1.19135,4.08333,29.7747,6.51574,2.03981,126
2159,1.20496,4.08333,29.7883,6.2072,2.03734,125
2160,1.21762,4.08333,29.801,6.16845,2.0399,124
2161,1.23,4.08333,29.8133,6.1977,2.04758,122
2162,1.24331,4.08333,29.8266,6.17114,2.03366,122
2163,1.25608,4.08333,29.8394,6.21613,2.0361,123
2164,1.26927,4.08333,29.8526,6.49418,2.03786,125
2165,1.2824,4.08333,29.8657,6.18685,2.37888,122
2166,1.29551,4.08333,29.8788,6.21184,2.03354,119
2167,1.30787,4.08333,29.8912,6.18752,2.0456,117
2168,1.32025,4.08333,29.9036,6.15331,2.0337,122
2169,1.33325,4.08333,29.9166,6.20026,2.0351,121
2170,1.34619,4.08333,29.9295,6.48499,2.03626,117
2171,1.35899,4.08333,29.9423,6.10845,2.04413,120
2172,1.37247,4.08333,29.9558,6.21846,2.03235,120
2173,1.38489,4.08333,29.9682,6.17181,2.03539,117
2174,1.39717,4.08333,29.9805,6.21264,2.03389,118
2175,1.40986,4.08333,29.9932,6.7824,2.04963,114
2176,1.42298,4.08333,30.0063,6.18208,2.03536,114
2177,1.43537,4.08333,30.0187,6.21398,2.04323,114
2178,1.44784,4.08333,30.0312,5.77587,2.0296,114
2179,1.46067,4.08333,30.044,6.18928,2.04419,114
2180,1.47327,4.08333,30.0566,6.50768,2.03174,113
2181,1.48611,4.08333,30.0694,5.83734,2.03571,116
2182,1.49908,4.08333,30.0824,6.50211,2.03686,115
2183,1.51229,4.08333,30.0956,6.20656,2.35728,116
2184,1.52528,4.08333,30.1086,5.81315,2.03651,116
2185,1.53799,4.08333,30.1213,6.22205,2.03315,116
2186,1.5506,4.08333,30.1339,7.10995,2.03578,120
2187,1.56484,4.08333,30.1482,6.47078,2.03171,119
2188,1.57844,4.08333,30.1618,6.46042,2.61834,120
2189,1.59202,4.08333,30.1754,5.82051,2.03571,119
2190,1.6048,4.08333,30.1881,6.22416,2.32362,121
2191,1.61785,4.08333,30.2012,6.25462,2.3577,117
2192,1.63188,4.08333,30.2152,6.11549,2.3633,121
2193,1.64735,4.08333,30.2307,5.81411,2.02749,122
2194,1.66023,4.08333,30.2436,6.18976,2.03363,124
2195,1.67267,4.08333,30.256,6.4807,2.45504,124
2196,1.6863,4.08333,30.2696,5.76464,2.31744,124
2197,1.70014,4.08333,30.2835,8.08896,2.3224,123
2198,1.71605,4.08333,30.2994,6.26218,2.3456,123
2199,1.72883,4.08333,30.3122,6.75402,2.03616,124
2200,1.74246,4.08333,30.3258,6.26944,2.02752,125
2201,1.75522,4.08333,30.3386,6.2887,2.03562,125
2202,1.76811,4.08333,30.3514,6.26144,2.0327,127
2203,1.78077,4.08333,30.3641,6.66464,2.03776,129
2204,1.79412,4.08333,30.3775,6.23258,2.03613,130
2205,1.80696,4.08333,30.3903,6.26182,2.048,128
2206,1.82004,4.08333,30.4034,6.26269,2.03139,127
2207,1.83253,4.08333,30.4159,6.35136,2.04253,127
2208,1.84582,4.08333,30.4292,6.43683,2.03904,128
2209,1.85871,4.08333,30.442,6.66598,2.34048,126
2210,1.87236,4.08333,30.4557,6.24026,2.03606,127
2211,1.88493,4.08333,30.4683,5.77091,2.0345,127
2212,1.89746,4.08333,30.4808,6.26653,2.04061,123
2213,1.90994,4.08333,30.4933,6.20778,2.03898,123
2214,1.92261,4.08333,30.5059,6.82544,2.3433,125
2215,1.93595,4.08333,30.5193,6.20086,2.03635,124
2216,1.94884,4.08333,30.5322,6.252,2.32176,117
2217,1.96149,4.08333,30.5448,6.26042,2.04243,114
2218,1.97388,4.08333,30.5572,6.22022,2.03776,114
2219,1.98725,4.08333,30.5706,6.48253,2.45901,118
2220,2.00062,4.08333,30.584,6.76106,2.03571,109
2221,2.01373,4.08333,30.5971,6.19824,2.03251,105
2222,2.02674,4.08333,30.6101,6.1919,2.03677,104
2223,2.03965,4.08333,30.623,6.25846,2.06288,104
2224,2.05261,4.08333,30.6359,6.60896,2.06691,106
2225,2.06604,4.08333,30.6494,6.61181,2.08486,108
2226,2.07935,4.08333,30.6627,6.49114,2.07907,107
2227,2.09264,4.08333,30.676,6.60464,2.8193,106
2228,2.1065,4.08333,30.6898,6.78989,2.06438,104
2229,2.12048,4.08333,30.7038,6.36438,2.04893,99
2230,2.13329,4.08333,30.7166,6.32234,2.06154,100
2231,2.14668,4.08333,30.73,6.63914,2.0639,101
2232,2.15971,4.08333,30.743,6.6935,2.32931,99
2233,2.174,4.08333,30.7573,6.57754,2.4791,94
2234,2.1882,4.08333,30.7715,6.26134,2.05827,93
2235,2.20156,4.08333,30.7849,6.57482,2.04979,101
2236,2.2154,4.08333,30.7987,6.83472,2.0585,98
2237,2.22903,4.08333,30.8124,6.27488,2.35411,102
2238,2.24244,4.08333,30.8258,6.34605,2.38336,104
2239,2.25589,4.08333,30.8392,5.8503,2.04909,105
2240,2.26917,4.08333,30.8525,6.34384,2.05194,105
2241,2.282,4.08333,30.8653,6.75898,2.04797,105
2242,2.29694,4.08333,30.8803,7.10038,2.05216,102
2243,2.31348,4.08333,30.8968,6.59254,2.51133,102
2244,2.32736,4.08333,30.9107,6.30035,2.04019,102
2245,2.34059,4.08333,30.9239,6.29978,2.04576,100
2246,2.35353,4.08333,30.9369,6.30851,2.37286,98
2247,2.36712,4.08333,30.9505,6.26771,2.04982,97
2248,2.38096,4.08333,30.9643,6.26499,2.048,98
2249,2.39418,4.08333,30.9775,5.87936,2.04301,100
2250,2.40756,4.08333,30.9909,6.30029,2.33229,100
2251,2.42058,4.08333,31.0039,6.86013,2.03571,101
2252,2.43567,4.08333,31.019,7.01418,2.03498,102
2253,2.45037,4.08333,31.0337,6.27261,2.03443,103
2254,2.4634,4.08333,31.0467,6.22611,2.03776,105
2255,2.47594,4.08333,31.0593,5.80662,2.37178,104
2256,2.48926,4.08333,31.0726,6.33565,2.34374,104
2257,2.50242,4.08333,31.0858,6.31517,2.34528,106
2258,2.51527,4.08333,31.0986,5.86234,2.03757,113
2259,2.52819,4.08333,31.1115,6.26157,2.35818,113
2260,2.54139,4.08333,31.1247,6.55229,2.02896,114
2261,2.55432,4.08333,31.1376,6.10704,2.03318,112
2262,2.56843,4.08333,31.1518,6.34454,2.04656,113
2263,2.5809,4.08333,31.1642,6.452,2.03072,114
2264,2.59402,4.08333,31.1774,6.56291,2.45917,120
2265,2.60835,4.08333,31.1917,6.44179,2.0327,124
2266,2.62139,4.08333,31.2047,6.24557,2.03446,123
2267,2.63448,4.08333,31.2178,6.1761,2.36541,123
2268,2.64742,4.08333,31.2308,6.17821,2.03366,125
2269,2.66077,4.08333,31.2441,6.25469,2.04387,127
2270,2.67365,4.08333,31.257,6.54221,2.03715,127
2271,2.68677,4.08333,31.2701,6.43584,2.04563,129
2272,2.7005,4.08333,31.2838,6.51235,2.03728,127
2273,2.71345,4.08333,31.2968,6.72307,2.03366,126
2274,2.72655,4.08333,31.3099,6.42032,2.0336,127
2275,2.74023,4.08333,31.3236,6.27786,2.03738,128
2276,2.75283,4.08333,31.3362,6.50496,2.03312,128
2277,2.76615,4.08333,31.3495,6.25914,2.03571,128
2278,2.77874,4.08333,31.3621,6.44624,2.03261,129
2279,2.79165,4.08333,31.375,5.76829,2.03344,129
2280,2.80463,4.08333,31.388,6.55533,2.03366,131
2281,2.81765,4.08333,31.401,6.21725,2.03776,131
2282,2.83048,4.08333,31.4138,6.23661,2.0264,132
2283,2.84339,4.08333,31.4267,6.22595,2.02906,130
2284,2.85671,4.08333,31.44,7.04448,2.03546,129
2285,2.87004,4.08333,31.4534,6.08336,2.02986,130
2286,2.88284,4.08333,31.4662,6.28362,2.04128,129
2287,2.89554,4.08333,31.4789,6.50182,2.03427,129
2288,2.90848,4.08333,31.4918,6.03126,2.04528,129
2289,2.92191,4.08333,31.5052,6.50371,2.45018,130
2290,2.9363,4.08333,31.5196,5.76077,2.04186,130
2291,2.94936,4.08333,31.5327,6.16458,2.35306,129
2292,2.96216,4.08333,31.5455,6.20083,2.02995,131
2293,2.97468,4.08333,31.558,6.19155,2.03062,131
2294,2.98831,4.08333,31.5716,6.44061,2.03149,130
2295,3.001,4.08333,31.5843,6.45802,2.0951,130
2296,3.01379,4.08333,31.5971,6.27504,2.08573,130
2297,3.02738,4.08333,31.6107,6.64682,2.08726,130
2298,3.04032,4.08333,31.6237,6.36019,2.08406,130
2299,3.05309,4.08333,31.6364,6.60989,2.07766,131
2300,3.0669,4.08333,31.6502,6.31302,2.06058,131
2301,3.0797,4.08333,31.663,6.71085,2.08531,130
2302,3.09351,4.08333,31.6768,6.34288,2.0849,130
2303,3.10696,4.08333,31.6903,6.5495,2.05907,130
2304,3.11998,4.08333,31.7033,6.31206,2.08179,130
2305,3.13313,4.08333,31.7165,6.34781,2.08922,130
2306,3.14607,4.08333,31.7294,6.64979,2.0617,130
2307,3.16001,4.08333,31.7433,6.27398,2.06051,130
2308,3.17245,4.08333,31.7558,6.29728,2.06256,130
2309,3.18517,4.08333,31.7685,5.86042,2.10134,131
2310,3.19827,4.08333,31.7816,6.62272,2.46813,131
2311,3.21198,4.08333,31.7953,6.48682,2.04826,131
2312,3.22475,4.08333,31.8081,5.81888,2.04477,130
2313,3.23777,4.08333,31.8211,6.30723,2.05043,131
2314,3.25042,4.08333,31.8338,6.22006,2.04538,130
2315,3.26309,4.08333,31.8464,6.38032,2.04992,131
2316,3.2767,4.08333,31.86,6.78333,2.05005,131
2317,3.28973,4.08333,31.8731,6.2441,2.05622,131
2318,3.3022,4.08333,31.8855,5.80957,2.04416,131
2319,3.3145,4.08333,31.8978,6.26768,2.04381,131
2320,3.32748,4.08333,31.9108,6.52054,2.04454,131
2321,3.34132,4.08333,31.9247,5.76758,2.04528,131
2322,3.35557,4.08333,31.9389,6.19635,2.04794,130
2323,3.36886,4.08333,31.9522,6.0744,2.04845,130
2324,3.38259,4.08333,31.9659,6.21373,2.04598,130
2325,3.39612,4.08333,31.9795,6.20422,2.04234,133
2326,3.40988,4.08333,31.9932,6.45872,2.46835,127
2327,3.42438,4.08333,32.0077,6.13866,2.03997,124
2328,3.43788,4.08333,32.0212,6.17306,2.04595,121
2329,3.4507,4.08333,32.034,6.58915,2.04186,125
2330,3.4638,4.08333,32.0471,6.20115,2.0376,128
2331,3.47678,4.08333,32.0601,6.18128,2.37722,132
2332,3.48962,4.08333,32.073,6.1736,2.03549,129
2333,3.50363,4.08333,32.087,6.18096,2.0327,124
2334,3.51601,4.08333,32.0993,6.18378,2.02947,119
2335,3.52992,4.08333,32.1133,6.05859,2.02547,117
2336,3.54334,4.08333,32.1267,6.19238,2.02758,115
2337,3.55625,4.08333,32.1396,6.44643,2.03162,115
2338,3.57015,4.08333,32.1535,6.17072,2.33782,117
2339,3.58337,4.08333,32.1667,6.21504,2.03747,119
2340,3.59662,4.08333,32.18,6.22381,2.0312,120
2341,3.6098,4.08333,32.1931,6.50358,2.45235,120
2342,3.62354,4.08333,32.2069,5.94,2.09277,120
2343,3.63797,4.08333,32.2213,6.54291,2.4272,122
2344,3.65136,4.08333,32.2347,5.90768,2.09715,121
2345,3.66455,4.08333,32.2479,6.33872,2.0857,121
2346,3.67734,4.08333,32.2607,6.3552,2.08419,122
2347,3.68987,4.08333,32.2732,6.5775,2.09101,120
2348,3.70336,4.08333,32.2867,6.39907,2.10227,119
2349,3.71659,4.08333,32.2999,6.68723,2.0865,120
2350,3.72978,4.08333,32.3131,6.35181,2.0831,120
2351,3.74251,4.08333,32.3258,6.30566,2.10192,120
2352,3.75854,4.08333,32.3419,6.27757,2.08454,119
2353,3.77406,4.08333,32.3574,5.9337,2.07872,120
2354,3.78925,4.08333,32.3726,6.55373,2.39315,120
2355,3.80324,4.08333,32.3866,6.59226,2.08915,121
2356,3.81727,4.08333,32.4006,5.9095,2.07773,121
2357,3.83013,4.08333,32.4135,6.26851,2.0439,121
2358,3.84302,4.08333,32.4264,6.24067,2.04957,121
2359,3.85571,4.08333,32.439,6.18566,2.04883,120
2360,3.86854,4.08333,32.4519,6.20778,2.53078,118
2361,3.88162,4.08333,32.465,6.20621,2.05226,119
2362,3.89455,4.08333,32.4779,5.84611,2.04851,119
2363,3.90771,4.08333,32.491,6.46989,2.4744,120
2364,3.92177,4.08333,32.5051,6.50605,2.0567,118
2365,3.93463,4.08333,32.518,6.2616,2.04074,120
2366,3.94748,4.08333,32.5308,6.21936,2.04125,125
2367,3.96004,4.08333,32.5434,6.19898,2.05126,124
2368,3.97245,4.08333,32.5558,5.81066,2.04861,128
2369,3.9853,4.08333,32.5686,6.52781,2.46931,123
2370,3.9993,4.08333,32.5826,6.24547,2.05517,117
2371,4.01201,4.08333,32.5953,5.7673,2.05619,122
2372,4.02441,4.08333,32.6077,6.16883,2.34845,130
2373,4.03707,4.08333,32.6204,6.21462,2.03862,128
2374,4.04993,4.08333,32.6333,5.82774,2.03942,130
2375,4.06292,4.08333,32.6463,6.17974,2.04477,130
2376,4.07541,4.08333,32.6587,6.17094,2.04202,131
2377,0.00451279,4.08333,32.6712,6.43811,2.03651,131
2378,0.0174332,4.08333,32.6841,6.1767,2.04368,130
2379,0.0304718,4.08333,32.6971,6.15066,2.052,130
2380,0.0428009,4.08333,32.7095,6.15066,2.03293,132
2381,0.0552711,4.08333,32.7219,5.74691,2.03203,130
2382,0.0684814,4.08333,32.7351,6.43325,2.03254,130
2383,0.0811653,4.08333,32.7478,6.20083,2.03398,131
2384,0.093792,4.08333,32.7605,6.45014,2.03328,131
2385,0.10672,4.08333,32.7734,6.17994,2.04221,131
2386,0.119255,4.08333,32.7859,6.32483,2.03686,131
2387,0.131992,4.08333,32.7987,6.12893,2.04586,131
2388,0.144516,4.08333,32.8112,5.76186,2.03155,131
2389,0.157074,4.08333,32.8237,6.14208,2.03706,131
2390,0.169575,4.08333,32.8362,6.18058,2.03446,131
2391,0.182312,4.08333,32.849,6.24205,2.06234,130
2392,0.195126,4.08333,32.8618,6.29174,2.06595,131
2393,0.207752,4.08333,32.8744,6.25264,2.08282,130
2394,0.220158,4.08333,32.8868,6.2649,2.06848,131
2395,0.232635,4.08333,32.8993,6.27446,2.06218,131
2396,0.245579,4.08333,32.9122,6.28829,2.06442,131
2397,0.258247,4.08333,32.9249,6.26736,2.05146,132
2398,0.271133,4.08333,32.9378,6.46867,2.04982,132
2399,0.285416,4.08333,32.9521,6.51968,2.04816,132
2400,0.298542,4.08333,32.9652,6.22291,2.35683,133
2401,0.311741,4.08333,32.9784,6.21738,2.04531,133
2402,0.324894,4.08333,32.9916,6.17891,2.05005,132
2403,0.337849,4.08333,33.0045,6.20938,2.04595,131
2404,0.350956,4.08333,33.0176,6.20522,2.05558,132
2405,0.364071,4.08333,33.0307,6.18938,2.04653,132
2406,0.376507,4.08333,33.0432,6.45686,2.05619,132
2407,0.389469,4.08333,33.0561,6.19898,2.37181,133
2408,0.40221,4.08333,33.0689,6.19962,2.04595,133
2409,0.415016,4.08333,33.0817,6.19034,2.04218,135
2410,0.427532,4.08333,33.0942,6.00963,2.04477,135
2411,0.440807,4.08333,33.1075,6.19443,2.3713,134
2412,0.453957,4.08333,33.1206,6.7999,2.05005,124
2413,0.468388,4.08333,33.1351,6.43446,2.04022,129
2414,0.482643,4.08333,33.1493,6.44458,2.47414,133
2415,0.497898,4.08333,33.1646,6.94624,2.96122,133
2416,0.514072,4.08333,33.1807,6.54086,2.03792,131
2417,0.52779,4.08333,33.1945,6.2295,2.04186,130
2418,0.540707,4.08333,33.2074,6.22362,2.32707,130
2419,0.553867,4.08333,33.2205,5.7615,2.33747,128
2420,0.567486,4.08333,33.2342,6.45859,2.03149,130
2421,0.580849,4.08333,33.2475,5.82832,2.0616,129
2422,0.594364,4.08333,33.261,6.27354,2.06499,129
2423,0.607201,4.08333,33.2739,6.24931,2.06336,130
2424,0.619923,4.08333,33.2866,7.14442,2.80813,130
2425,0.635658,4.08333,33.3023,6.80701,2.06166,130
2426,0.64954,4.08333,33.3162,6.58589,2.06314,131
2427,0.664421,4.08333,33.3311,5.83475,2.06598,131
2428,0.677475,4.08333,33.3441,6.2481,2.05936,130
2429,0.690678,4.08333,33.3573,6.9375,2.05917,130
2430,0.704651,4.08333,33.3713,6.23306,2.0439,127
2431,0.717232,4.08333,33.3839,6.55709,2.05347,127
2432,0.730133,4.08333,33.3968,6.38704,2.04595,126
2433,0.743977,4.08333,33.4106,6.22179,2.04397,128
2434,0.756413,4.08333,33.4231,6.20835,2.04259,127
2435,0.76952,4.08333,33.4362,6.19197,2.04774,125
2436,0.783772,4.08333,33.4504,6.33379,2.048,125
2437,0.796516,4.08333,33.4632,5.79834,2.05005,125
2438,0.81052,4.08333,33.4772,6.51187,2.04934,125
2439,0.823433,4.08333,33.4901,6.20819,2.04662,125
2440,0.8358,4.08333,33.5025,7.03229,2.04592,125
2441,0.850529,4.08333,33.5172,6.21856,2.3696,125
2442,0.863506,4.08333,33.5302,5.81926,2.0439,125
2443,0.87595,4.08333,33.5426,6.5361,2.42013,124
2444,0.889771,4.08333,33.5564,6.24141,2.0439,126
2445,0.902229,4.08333,33.5689,6.05638,2.04493,124
2446,0.915043,4.08333,33.5817,6.25206,2.03491,124
2447,0.927361,4.08333,33.594,6.3304,2.0392,127
2448,0.939995,4.08333,33.6067,6.18131,2.03494,127
2449,0.952785,4.08333,33.6195,5.77229,2.04112,128
2450,0.965332,4.08333,33.632,6.47718,2.04186,128
2451,0.97797,4.08333,33.6446,6.21334,2.03533,128
2452,0.990314,4.08333,33.657,6.43206,2.35459,129
2453,1.00364,4.08333,33.6703,6.25766,2.3361,129
2454,1.01701,4.08333,33.6837,7.27779,2.06406,129
2455,1.03068,4.08333,33.6973,6.28646,2.0625,129
2456,1.04358,4.08333,33.7102,6.2585,2.07053,130
2457,1.05619,4.08333,33.7229,6.2737,2.37898,130
2458,1.06929,4.08333,33.736,6.57325,2.0647,130
2459,1.08228,4.08333,33.7489,6.6657,2.53251,129
2460,1.0966,4.08333,33.7633,5.7751,2.04698,128
2461,1.10931,4.08333,33.776,6.22829,2.05981,131
2462,1.12206,4.08333,33.7887,6.21933,2.39875,131
2463,1.13522,4.08333,33.8019,6.13197,2.06438,132
2464,1.14796,4.08333,33.8146,6.27213,2.0777,134
2465,1.16074,4.08333,33.8274,6.36419,2.13696,135
2466,1.17339,4.08333,33.8401,6.45882,2.14061,126
2467,1.18658,4.08333,33.8532,6.51536,2.1377,125
2468,1.19975,4.08333,33.8664,7.5647,2.12115,125
2469,1.21385,4.08333,33.8805,6.49907,2.13101,124
2470,1.22717,4.08333,33.8938,6.39274,2.09971,122
2471,1.23995,4.08333,33.9066,6.41392,2.10298,121
2472,1.25294,4.08333,33.9196,6.39037,2.09517,122
2473,1.26574,4.08333,33.9324,6.74013,2.12138,125
2474,1.27889,4.08333,33.9456,6.37475,2.09725,124
2475,1.29278,4.08333,33.9594,6.56717,2.10525,119
2476,1.30588,4.08333,33.9725,6.42794,2.11805,117
2477,1.31931,4.08333,33.986,6.46218,2.11933,122
2478,1.33229,4.08333,33.999,6.46634,2.63312,121
2479,1.34624,4.08333,34.0129,6.03722,2.11869,117
2480,1.35971,4.08333,34.0264,6.43341,2.04832,120
2481,1.37253,4.08333,34.0392,6.23302,2.05334,120
2482,1.38531,4.08333,34.052,5.81139,2.05034,117
2483,1.39893,4.08333,34.0656,7.01379,2.37984,118
2484,1.41285,4.08333,34.0795,6.51482,2.06048,114
2485,1.42592,4.08333,34.0926,6.24054,2.0439,114
2486,1.43831,4.08333,34.105,6.23235,2.05088,114
2487,1.45073,4.08333,34.1174,5.87786,2.34291,114
2488,1.46346,4.08333,34.1301,6.45994,2.05939,115
2489,1.47665,4.08333,34.1433,6.26275,2.04608,114
2490,1.4894,4.08333,34.1561,6.11434,2.04646,116
2491,1.50269,4.08333,34.1694,6.25776,2.05814,116
2492,1.51556,4.08333,34.1822,6.21606,2.37146,116
2493,1.52851,4.08333,34.1952,5.82755,2.04707,116
2494,1.5416,4.08333,34.2083,6.29405,2.05011,116
2495,1.55447,4.08333,34.2211,6.49206,2.05219,120
2496,1.56808,4.08333,34.2347,6.3872,2.05222,118
2497,1.58204,4.08333,34.2487,6.57971,2.08893,120
2498,1.59488,4.08333,34.2615,5.94883,2.0825,118
2499,1.60808,4.08333,34.2747,6.36502,2.08394,121
2500,1.62102,4.08333,34.2877,6.392,2.37936,117
2501,1.63513,4.08333,34.3018,6.84614,2.5296,121
2502,1.65019,4.08333,34.3169,5.89104,2.05907,122
2503,1.66393,4.08333,34.3306,6.30675,2.06278,123
2504,1.67775,4.08333,34.3444,5.86352,2.06266,124
2505,1.69069,4.08333,34.3574,6.58048,2.0655,123
2506,1.70386,4.08333,34.3705,6.37491,2.10102,124
2507,1.71706,4.08333,34.3837,5.94243,2.09715,123
2508,1.73043,4.08333,34.3971,6.38746,2.34125,123
2509,1.74395,4.08333,34.4106,6.36048,2.07709,125
2510,1.75728,4.08333,34.424,6.39571,2.08502,126
2511,1.77036,4.08333,34.437,6.62557,2.0664,127
2512,1.78334,4.08333,34.45,5.84614,2.04474,129
2513,1.79692,4.08333,34.4636,6.70634,2.05005,130
2514,1.81038,4.08333,34.4771,6.25843,2.04867,130
2515,1.82495,4.08333,34.4916,6.24451,2.05664,127
2516,1.83805,4.08333,34.5047,6.20797,2.0527,126
2517,1.85145,4.08333,34.5181,6.2583,2.05786,127
2518,1.86454,4.08333,34.5312,6.24918,2.0537,128
2519,1.87785,4.08333,34.5445,5.81946,2.04838,127
2520,1.89147,4.08333,34.5581,6.56368,2.04614,126
2521,1.90435,4.08333,34.571,6.51776,2.04835,123
2522,1.91746,4.08333,34.5841,6.25706,2.04941,126
2523,1.92994,4.08333,34.5966,6.24272,2.05805,125
2524,1.94243,4.08333,34.6091,7.01472,2.04662,120
2525,1.9569,4.08333,34.6236,6.6447,2.51821,115
2526,1.97156,4.08333,34.6382,5.79293,2.05811,113
2527,1.98419,4.08333,34.6509,6.36499,2.12003,120
2528,1.99702,4.08333,34.6637,6.48202,2.1209,114
2529,2.01001,4.08333,34.6767,6.71936,2.11725,106
2530,2.02325,4.08333,34.6899,6.46762,2.0999,102
2531,2.03647,4.08333,34.7031,6.38618,2.09517,106
2532,2.04903,4.08333,34.7157,5.96954,2.09674,105
2533,2.06214,4.08333,34.7288,6.40147,2.10118,108
2534,2.07497,4.08333,34.7416,6.70419,2.09939,107
2535,2.08818,4.08333,34.7548,6.27456,2.10102,106
2536,2.10131,4.08333,34.768,6.45376,2.08906,106
2537,2.1143,4.08333,34.781,6.37882,2.08448,99
2538,2.12715,4.08333,34.7938,6.06182,2.1287,99
2539,2.14061,4.08333,34.8073,7.15597,2.10397,101
2540,2.15489,4.08333,34.8216,5.92947,2.09411,99
2541,2.16751,4.08333,34.8342,6.74966,2.10874,95
2542,2.1808,4.08333,34.8475,6.38134,2.41392,99
2543,2.19395,4.08333,34.8606,6.30666,2.05325,100
2544,2.20686,4.08333,34.8735,6.22941,2.05421,101
2545,2.21954,4.08333,34.8862,6.27834,2.05798,99
2546,2.23248,4.08333,34.8992,6.28634,2.04877,104
2547,2.24536,4.08333,34.912,6.54477,2.05635,102
2548,2.25817,4.08333,34.9248,6.28928,2.05158,105
2549,2.27107,4.08333,34.9377,6.70618,2.62685,105
2550,2.28514,4.08333,34.9518,6.40138,2.73427,102
2551,2.29914,4.08333,34.9658,6.55757,2.05427,102
2552,2.31349,4.08333,34.9802,6.66493,2.05005,102
2553,2.32987,4.08333,34.9965,7.21744,2.0481,101
2554,2.34455,4.08333,35.0112,6.38694,2.59658,98
2555,2.35934,4.08333,35.026,6.40234,2.05405,98
2556,2.37496,4.08333,35.0416,6.85642,2.04675,97
2557,2.38895,4.08333,35.0556,6.86227,2.71606,100
2558,2.40337,4.08333,35.07,6.88192,2.14035,100
2559,2.41858,4.08333,35.0852,7.16448,2.12752,102
2560,2.43402,4.08333,35.1007,6.5849,2.11766,104
2561,2.44835,4.08333,35.115,6.84176,2.9617,103
2562,2.46266,4.08333,35.1293,6.35427,2.42435,105
2563,2.47786,4.08333,35.1445,6.56966,2.12179,104
2564,2.49094,4.08333,35.1576,7.54346,2.12992,107
2565,2.50669,4.08333,35.1734,7.11536,2.11952,106
2566,2.52166,4.08333,35.1883,6.85379,2.09917,114
2567,2.53559,4.08333,35.2023,7.18944,4.94262,114
2568,2.5542,4.08333,35.2209,6.59325,2.83203,112
2569,2.56822,4.08333,35.2349,6.53216,2.83098,113
2570,2.58427,4.08333,35.2509,6.94496,2.04285,113
2571,2.59903,4.08333,35.2657,6.63117,4.38691,124
2572,2.61614,4.08333,35.2828,6.87418,2.048,123
2573,2.62953,4.08333,35.2962,6.62403,2.04374,127
2574,2.64344,4.08333,35.3101,6.49235,2.73763,125
2575,2.65714,4.08333,35.3238,6.28678,2.05357,127
2576,2.67066,4.08333,35.3373,6.31846,2.57238,127
2577,2.6838,4.08333,35.3505,6.77651,2.37846,128
2578,2.70108,4.08333,35.3678,6.58262,2.04877,127
2579,2.71712,4.08333,35.3838,6.06374,2.04566,128
2580,2.73275,4.08333,35.3994,6.5697,2.04269,128
2581,2.74596,4.08333,35.4126,6.28554,2.04595,128
2582,2.75869,4.08333,35.4254,6.49514,2.04256,129
2583,2.77182,4.08333,35.4385,5.78938,2.04566,128
2584,2.78461,4.08333,35.4513,6.50099,2.32992,129
2585,2.79781,4.08333,35.4645,6.50781,2.03981,131
2586,2.81091,4.08333,35.4776,5.78518,2.03354,131
2587,2.82447,4.08333,35.4911,6.32032,2.0641,131
2588,2.83805,4.08333,35.5047,5.85024,2.06157,132
2589,2.8518,4.08333,35.5185,6.3151,2.068,129
2590,2.86499,4.08333,35.5317,6.56253,2.06544,129
2591,2.87923,4.08333,35.5459,6.57338,2.07053,127
2592,2.89382,4.08333,35.5605,6.43834,2.06413,129
2593,2.90867,4.08333,35.5753,6.55318,2.06685,130
2594,2.92265,4.08333,35.5893,6.52838,2.06029,130
2595,2.93656,4.08333,35.6032,7.46576,2.05613,130
2596,2.95173,4.08333,35.6184,6.54762,2.0455,129
2597,2.96553,4.08333,35.6322,6.7111,2.04186,130
2598,2.97995,4.08333,35.6466,6.70416,2.04819,131
2599,2.99559,4.08333,35.6623,7.2376,2.0504,130
2600,3.01012,4.08333,35.6768,6.36563,2.43414,130
2601,3.02703,4.08333,35.6937,6.51894,3.24426,130
2602,3.04321,4.08333,35.7099,7.17309,2.37997,130
2603,3.05866,4.08333,35.7253,6.44554,2.09725,131
2604,3.07196,4.08333,35.7386,7.2416,2.92384,131
2605,3.08849,4.08333,35.7552,6.25386,2.0992,130
2606,3.10272,4.08333,35.7694,6.38314,2.09549,130
2607,3.11631,4.08333,35.783,6.73715,2.10048,130
2608,3.12999,4.08333,35.7967,7.00547,2.48432,130
2609,3.14538,4.08333,35.812,6.58342,2.47005,130
2610,3.159,4.08333,35.8257,7.12918,2.13011,130
2611,3.17393,4.08333,35.8406,6.77949,2.11958,130
2612,3.18769,4.08333,35.8544,8.44995,2.62813,131
2613,3.20486,4.08333,35.8715,6.68218,2.04595,131
2614,3.2182,4.08333,35.8849,6.23328,2.05062,129
2615,3.23116,4.08333,35.8978,6.49062,2.35725,132
2616,3.2449,4.08333,35.9116,6.50902,2.32272,130
2617,3.25807,4.08333,35.9247,6.51456,2.04643,130
2618,3.27118,4.08333,35.9378,6.26246,2.04822,131
2619,3.28444,4.08333,35.9511,6.21846,2.05056,131
2620,3.29696,4.08333,35.9636,6.54547,2.05158,131
2621,3.30996,4.08333,35.9766,6.27683,2.04419,131
2622,3.32341,4.08333,35.9901,6.54816,2.04538,131
2623,3.33665,4.08333,36.0033,5.78138,2.04394,131
2624,3.34969,4.08333,36.0164,6.19546,2.0472,131
2625,3.36267,4.08333,36.0293,6.20842,2.0439,130
2626,3.37634,4.08333,36.043,5.76144,2.0439,130
2627,3.3897,4.08333,36.0564,6.52621,2.47725,131
2628,3.40342,4.08333,36.0701,6.49181,2.03587,131
2629,3.41731,4.08333,36.084,6.18192,2.46614,126
2630,3.43031,4.08333,36.097,6.61594,2.06259,121
2631,3.44326,4.08333,36.1099,6.27011,2.0663,121
2632,3.45678,4.08333,36.1235,6.26922,2.49363,126
2633,3.47007,4.08333,36.1367,6.28102,2.06595,133
2634,3.48401,4.08333,36.1507,6.27162,2.06829,127
2635,3.49665,4.08333,36.1633,6.26259,2.05949,124
2636,3.50996,4.08333,36.1766,6.29037,2.39533,123
2637,3.52283,4.08333,36.1895,6.264,2.06362,118
2638,3.53542,4.08333,36.2021,6.2535,2.06282,116
2639,3.54862,4.08333,36.2153,6.26554,2.05341,114
2640,3.56133,4.08333,36.228,6.24762,2.05885,115
2641,3.57397,4.08333,36.2406,6.82493,2.06154,117
2642,3.58728,4.08333,36.2539,6.30342,2.08144,118
2643,3.60016,4.08333,36.2668,6.31027,2.08445,120
2644,3.61275,4.08333,36.2794,6.31133,2.08682,120
2645,3.62613,4.08333,36.2928,6.49158,2.08326,120
2646,3.63941,4.08333,36.3061,6.77888,2.6872,121
2647,3.65355,4.08333,36.3202,6.26509,2.06534,121
2648,3.6664,4.08333,36.3331,6.30093,2.06717,121
2649,3.67915,4.08333,36.3458,6.26074,2.06096,122
2650,3.69181,4.08333,36.3585,5.84438,2.06294,120
2651,3.705,4.08333,36.3717,6.26122,2.36032,119
2652,3.71825,4.08333,36.3849,6.66816,2.06061,120
2653,3.73136,4.08333,36.398,6.54227,2.06077,120
2654,3.74504,4.08333,36.4117,6.30096,2.48499,119
2655,3.75797,4.08333,36.4246,6.23174,2.06237,119
2656,3.77142,4.08333,36.4381,6.3647,2.51894,120
2657,3.78451,4.08333,36.4512,6.86291,2.06426,120
2658,3.79827,4.08333,36.4649,6.59491,2.06858,121
2659,3.81154,4.08333,36.4782,6.2631,2.0664,121
2660,3.82402,4.08333,36.4907,6.55459,2.08394,121
2661,3.83709,4.08333,36.5038,6.61706,2.08691,121
2662,3.85068,4.08333,36.5173,7.06659,2.11968,121
2663,3.86447,4.08333,36.5311,6.4361,2.09914,118
2664,3.8783,4.08333,36.545,6.36426,2.10026,119
2665,3.8917,4.08333,36.5584,6.37987,2.50179,118
2666,3.90641,4.08333,36.5731,7.0735,2.08678,120
2667,3.92022,4.08333,36.5869,6.54592,2.48115,120
2668,3.93419,4.08333,36.6009,6.76109,2.08205,120
2669,3.9476,4.08333,36.6143,6.33866,2.07891,125
2670,3.96111,4.08333,36.6278,6.32314,2.5121,124
2671,3.97505,4.08333,36.6417,6.31235,2.08477,124
2672,3.98934,4.08333,36.656,6.3871,2.09101,120
2673,4.00364,4.08333,36.6703,6.30102,2.50694,120
2674,4.01834,4.08333,36.685,6.56154,2.0607,128
2675,4.03297,4.08333,36.6996,6.2088,2.04726,129
2676,4.04593,4.08333,36.7126,6.23683,2.04928,130
2677,4.05966,4.08333,36.7263,6.21245,2.05165,131
2678,4.07295,4.08333,36.7396,6.22326,2.04758,130
2679,0.00287104,4.08333,36.7529,6.42976,2.0497,131
2680,0.0158525,4.08333,36.7659,6.21226,2.06099,130
2681,0.0284333,4.08333,36.7784,6.19862,2.05232,129
2682,0.0412393,4.08333,36.7912,6.21741,2.04845,132
2683,0.054522,4.08333,36.8045,6.20019,2.66723,130
2684,0.0680833,4.08333,36.8181,5.784,2.04362,130
2685,0.0814233,4.08333,36.8314,6.21133,2.04854,131
2686,0.0946794,4.08333,36.8447,6.21411,2.0471,131
2687,0.108515,4.08333,36.8585,6.21107,2.78886,131
2688,0.122599,4.08333,36.8726,6.55648,2.04186,131
2689,0.136252,4.08333,36.8863,6.20202,2.0455,131
2690,0.149565,4.08333,36.8996,6.45222,2.57494,131
2691,0.163138,4.08333,36.9131,6.45645,2.13952,131
2692,0.177165,4.08333,36.9272,6.73501,2.12016,131
2693,0.190909,4.08333,36.9409,6.59789,2.12582,130
2694,0.204142,4.08333,36.9541,6.44742,2.11952,131
2695,0.216933,4.08333,36.9669,6.61376,2.12442,131
2696,0.230299,4.08333,36.9803,6.42746,2.11818,131
2697,0.243433,4.08333,36.9934,6.71075,2.56358,131
2698,0.25696,4.08333,37.007,6.41165,2.11232,132
2699,0.27059,4.08333,37.0206,6.41174,2.876,132
2700,0.284411,4.08333,37.0344,6.33008,2.09606,132
2701,0.298186,4.08333,37.0482,6.4137,2.53312,133
2702,0.312605,4.08333,37.0626,6.32813,2.09366,132
2703,0.326739,4.08333,37.0767,6.76131,2.10003,132
2704,0.340971,4.08333,37.091,6.81466,2.52416,131
2705,0.355555,4.08333,37.1056,6.60272,2.05786,132
2706,0.369513,4.08333,37.1195,6.17181,2.0464,132
2707,0.382395,4.08333,37.1324,6.51021,2.47133,132
2708,0.395529,4.08333,37.1455,6.46096,2.04797,133
2709,0.409308,4.08333,37.1593,6.35693,2.46646,135
2710,0.422686,4.08333,37.1727,6.19818,2.04614,136
2711,0.436396,4.08333,37.1864,6.21936,2.47654,134
2712,0.44953,4.08333,37.1995,6.75616,2.04413,125
2713,0.463416,4.08333,37.2134,6.22467,2.04579,124
2714,0.476553,4.08333,37.2266,6.20419,2.66077,133
2715,0.489581,4.08333,37.2396,6.49606,2.05504,133
2716,0.5035,4.08333,37.2535,6.21632,2.47501,131
2717,0.516352,4.08333,37.2664,6.58166,2.04394,131
2718,0.529517,4.08333,37.2795,6.17357,2.05389,130
2719,0.542265,4.08333,37.2923,6.16419,2.05184,130
2720,0.555418,4.08333,37.3054,7.13517,2.08666,128
2721,0.569529,4.08333,37.3195,6.59734,2.54906,129
2722,0.582987,4.08333,37.333,6.77043,2.08502,130
2723,0.597132,4.08333,37.3471,6.60096,2.5383,130
2724,0.610644,4.08333,37.3606,7.01206,2.0865,131
2725,0.625472,4.08333,37.3755,6.33971,2.51027,130
2726,0.63914,4.08333,37.3891,6.36563,2.06307,131
2727,0.653334,4.08333,37.4033,6.25949,2.484,131
2728,0.666464,4.08333,37.4165,6.59101,2.06794,131
2729,0.681109,4.08333,37.4311,6.31123,2.96509,130
2730,0.69459,4.08333,37.4446,6.31136,2.08282,129
2731,0.708254,4.08333,37.4583,6.324,2.52352,127
2732,0.721362,4.08333,37.4714,6.86221,2.09194,127
2733,0.735651,4.08333,37.4857,6.33571,2.52106,126
2734,0.748934,4.08333,37.4989,6.7863,2.45098,128
2735,0.762446,4.08333,37.5124,6.44122,2.54406,124
2736,0.776133,4.08333,37.5261,6.74176,2.11514,124
2737,0.789237,4.08333,37.5392,6.02509,2.13456,125
2738,0.802393,4.08333,37.5524,6.49837,2.14448,126
2739,0.815421,4.08333,37.5654,6.77696,2.1385,125
2740,0.828959,4.08333,37.579,6.50371,2.13501,125
2741,0.842211,4.08333,37.5922,6.47184,2.14339,126
2742,0.85565,4.08333,37.6057,6.05382,2.13859,125
2743,0.869257,4.08333,37.6193,6.47789,2.11475,125
2744,0.88259,4.08333,37.6326,6.42858,2.11629,125
2745,0.895518,4.08333,37.6455,6.44723,2.44666,124
2746,0.908793,4.08333,37.6588,6.44992,2.12506,124
2747,0.921645,4.08333,37.6716,6.01626,2.11187,125
2748,0.934477,4.08333,37.6845,6.48285,2.13213,127
2749,0.947375,4.08333,37.6974,6.76688,2.13424,128
2750,0.960501,4.08333,37.7105,6.07622,2.1463,128
2751,0.973597,4.08333,37.7236,6.33878,2.04682,128
2752,0.986472,4.08333,37.7365,6.20637,2.04438,129
2753,0.998854,4.08333,37.7489,6.59741,2.0521,130
2754,1.01292,4.08333,37.7629,6.25709,2.47715,129
2755,1.0259,4.08333,37.7759,6.59606,2.04666,131
2756,1.0394,4.08333,37.7894,6.38717,2.04317,130
2757,1.05281,4.08333,37.8028,6.80442,2.04899,130
2758,1.06676,4.08333,37.8168,6.17965,2.04275,132
2759,1.08127,4.08333,37.8313,6.25107,2.0447,129
2760,1.09445,4.08333,37.8445,6.17677,2.04755,128
2761,1.10789,4.08333,37.8579,6.21309,2.04771,131
2762,1.12097,4.08333,37.871,5.78522,2.04259,131
2763,1.13506,4.08333,37.8851,6.2032,2.04595,132
2764,1.14842,4.08333,37.8984,6.19866,2.04579,134
2765,1.1621,4.08333,37.9121,6.21782,2.04323,135
2766,1.17526,4.08333,37.9253,6.74688,2.73722,125
2767,1.18919,4.08333,37.9392,6.33229,2.09974,126
2768,1.20318,4.08333,37.9532,7.01174,2.09808,125
2769,1.21671,4.08333,37.9667,6.68269,2.54618,123
2770,1.23139,4.08333,37.9814,7.06186,2.9497,122
2771,1.24781,4.08333,37.9978,7.25005,2.99389,121
2772,1.26392,4.08333,38.0139,6.85619,2.06346,125
2773,1.27865,4.08333,38.0287,7.09453,2.06451,123
2774,1.29418,4.08333,38.0442,6.37757,2.06643,119
2775,1.30825,4.08333,38.0582,6.37286,2.06749,117
2776,1.32158,4.08333,38.0716,6.67539,2.07507,122
2777,1.33623,4.08333,38.0862,6.90963,2.0823,118
2778,1.35058,4.08333,38.1006,6.99846,2.58662,117
2779,1.36563,4.08333,38.1156,6.43427,2.09478,120
2780,1.37988,4.08333,38.1299,6.49194,2.10394,118
2781,1.39311,4.08333,38.1431,6.59382,2.17488,117
2782,1.40809,4.08333,38.1581,7.16387,2.13811,114
2783,1.42201,4.08333,38.172,6.89302,2.66054,114
2784,1.43627,4.08333,38.1863,6.62909,2.14835,114
2785,1.44942,4.08333,38.1994,6.60102,2.1368,114
2786,1.46322,4.08333,38.2132,6.50195,2.14557,115
2787,1.47607,4.08333,38.2261,6.17786,2.16976,114
2788,1.48916,4.08333,38.2392,6.65085,2.15706,116
2789,1.50236,4.08333,38.2524,6.54944,2.15718,116
2790,1.51581,4.08333,38.2658,6.65584,2.17427,116
2791,1.52901,4.08333,38.279,6.60461,2.16877,116
2792,1.54212,4.08333,38.2921,6.11782,2.1537,116
2793,1.55506,4.08333,38.3051,6.98118,2.17875,120
2794,1.56867,4.08333,38.3187,7.21296,2.09715,118
2795,1.58489,4.08333,38.3349,6.27155,2.05453,120
2796,1.59857,4.08333,38.3486,6.28726,2.37187,118
2797,1.61287,4.08333,38.3629,6.81082,2.0439,116
2798,1.62702,4.08333,38.377,6.32115,2.54662,121
2799,1.64673,4.08333,38.3967,6.77904,2.0407,122
2800,1.6659,4.08333,38.4159,6.49376,2.54842,125
2801,1.67959,4.08333,38.4296,6.80541,2.04291,124
2802,1.69306,4.08333,38.4431,6.30445,2.6607,123
2803,1.70713,4.08333,38.4571,6.33312,2.04346,123
2804,1.72013,4.08333,38.4701,6.29878,2.04218,124
2805,1.73385,4.08333,38.4839,6.33606,2.04067,123
2806,1.74781,4.08333,38.4978,6.30413,2.1504,126
2807,1.76211,4.08333,38.5121,6.50166,2.04547,126
2808,1.77545,4.08333,38.5255,6.6176,2.08365,128
2809,1.78967,4.08333,38.5397,6.9593,2.0855,131
2810,1.80341,4.08333,38.5534,6.45261,2.0849,128
2811,1.81744,4.08333,38.5674,6.44019,2.58541,127
2812,1.83099,4.08333,38.581,6.45056,2.9024,127
2813,1.84613,4.08333,38.5961,6.36566,2.08179,129
2814,1.85891,4.08333,38.6089,5.93792,2.08838,126
2815,1.87195,4.08333,38.622,6.41626,2.51754,127
2816,1.88527,4.08333,38.6353,6.35267,2.08179,127
2817,1.8987,4.08333,38.6487,6.82611,2.09619,123
2818,1.91202,4.08333,38.662,6.36403,2.0888,120
2819,1.92472,4.08333,38.6747,5.90813,2.08618,125
2820,1.9374,4.08333,38.6874,6.41546,2.12416,123
2821,1.95088,4.08333,38.7009,6.46346,2.11389,114
2822,1.96408,4.08333,38.7141,6.26624,2.6984,114
2823,1.97876,4.08333,38.7288,7.6295,2.19171,114
2824,1.99503,4.08333,38.745,7.6887,2.16922,114
2825,2.01185,4.08333,38.7619,7.32042,2.15168,107
2826,2.02632,4.08333,38.7763,6.74771,2.79165,105
2827,2.04089,4.08333,38.7909,7.67216,2.22045,104
2828,2.05654,4.08333,38.8065,8.36362,2.19766,107
2829,2.0722,4.08333,38.8222,6.79792,2.15216,107
2830,2.08826,4.08333,38.8383,7.56694,2.14909,106
2831,2.10608,4.08333,38.8561,6.6601,2.13811,104
2832,2.12217,4.08333,38.8722,7.19046,2.1344,99
2833,2.13777,4.08333,38.8878,6.70566,2.76877,101
2834,2.15222,4.08333,38.9022,6.71651,2.67885,100
2835,2.16709,4.08333,38.9171,7.40544,2.15962,95
2836,2.18212,4.08333,38.9321,6.44851,2.74941,98
2837,2.19576,4.08333,38.9458,7.05082,2.06144,100
2838,2.21022,4.08333,38.9602,6.34656,2.55402,100
2839,2.22333,4.08333,38.9733,6.49744,2.05389,100
2840,2.23739,4.08333,38.9874,6.39098,2.55322,104
2841,2.25131,4.08333,39.0013,6.61488,2.05242,104
2842,2.26601,4.08333,39.016,6.84467,2.05334,105
2843,2.27986,4.08333,39.0299,6.40291,2.0505,105
2844,2.29342,4.08333,39.0434,6.6529,2.05267,102
2845,2.3069,4.08333,39.0569,6.37686,2.04966,101
2846,2.32101,4.08333,39.071,6.82589,2.048,102
2847,2.33502,4.08333,39.085,6.82643,2.55174,100
2848,2.34959,4.08333,39.0996,6.91392,2.05005,98
2849,2.36338,4.08333,39.1134,6.43917,2.55645,98
2850,2.37728,4.08333,39.1273,6.88173,2.0521,98
2851,2.39291,4.08333,39.1429,7.13773,2.364,100
2852,2.40845,4.08333,39.1584,6.3704,2.55053,100
2853,2.42175,4.08333,39.1717,6.40262,2.06509,101
2854,2.43589,4.08333,39.1859,6.43952,2.55779,102
2855,2.44979,4.08333,39.1998,6.388,2.07357,103
2856,2.4642,4.08333,39.2142,7.772,2.0744,105
2857,2.47965,4.08333,39.2297,6.88714,2.54653,105
2858,2.49843,4.08333,39.2484,6.79248,2.47379,107
2859,2.51444,4.08333,39.2644,6.52848,2.05699,110
2860,2.53139,4.08333,39.2814,7.8887,2.5864,114
2861,2.54916,4.08333,39.2992,7.12394,2.41978,112
2862,2.56829,4.08333,39.3183,6.76554,2.04902,113
2863,2.58247,4.08333,39.3325,7.11706,2.04704,113
2864,2.59838,4.08333,39.3484,6.71254,2.11248,123
2865,2.61336,4.08333,39.3634,6.79798,2.82461,124
2866,2.62921,4.08333,39.3792,7.00899,2.91722,126
2867,2.64508,4.08333,39.3951,7.25091,2.77402,125
2868,2.66126,4.08333,39.4113,7.26845,2.11958,127
2869,2.67642,4.08333,39.4264,7.24646,2.11837,126
2870,2.69084,4.08333,39.4408,6.61702,2.61587,129
2871,2.70459,4.08333,39.4546,8.17414,3.5177,127
2872,2.72107,4.08333,39.4711,7.46819,2.11766,128
2873,2.73623,4.08333,39.4862,6.84582,2.62349,128
2874,2.75006,4.08333,39.5001,7.03334,2.0975,128
2875,2.76432,4.08333,39.5143,7.0272,2.64963,129
2876,2.77868,4.08333,39.5287,8.22755,3.74694,129
2877,2.79547,4.08333,39.5455,8.1488,3.05658,131
2878,2.81175,4.08333,39.5617,8.32758,2.78486,131
2879,2.82879,4.08333,39.5788,9.37853,2.60003,132
2880,2.84738,4.08333,39.5974,10.284,3.32835,130
2881,2.86651,4.08333,39.6165,9.69994,2.8535,129
2882,2.8862,4.08333,39.6362,9.49638,3.19821,129
2883,2.90497,4.08333,39.655,6.41584,2.5487,129
2884,2.91885,4.08333,39.6689,6.80339,2.04755,130
2885,2.93234,4.08333,39.6823,7.25571,2.41373,130
2886,2.94699,4.08333,39.697,7.20448,2.04352,129
2887,2.9621,4.08333,39.7121,6.36093,2.69936,131
2888,2.97571,4.08333,39.7257,6.97478,2.3985,131
2889,2.99118,4.08333,39.7412,7.18019,2.36771,130
2890,3.00618,4.08333,39.7562,7.14736,2.04086,130
2891,3.0223,4.08333,39.7723,6.63462,2.87536,130
2892,3.03623,4.08333,39.7862,7.18259,2.3712,130
2893,3.05193,4.08333,39.8019,10.9967,2.87194,131
2894,3.07308,4.08333,39.8231,10.0093,3.93254,131
2895,3.093,4.08333,39.843,9.00688,3.14589,130
2896,3.11157,4.08333,39.8616,8.7664,2.36762,130
2897,3.12806,4.08333,39.8781,7.67491,2.04579,130
2898,3.14391,4.08333,39.8939,6.50195,2.54128,130
2899,3.15775,4.08333,39.9078,6.2839,2.54163,130
2900,3.1714,4.08333,39.9214,6.82896,2.04586,130
2901,3.1849,4.08333,39.9349,6.69203,2.54566,131
2902,3.19853,4.08333,39.9485,7.72509,2.04989,131
2903,3.21379,4.08333,39.9638,7.04621,2.07386,131
2904,3.22859,4.08333,39.9786,7.28208,2.06314,131
2905,3.24267,4.08333,39.9927,6.97616,2.07373,130
2906,3.25639,4.08333,40.0064,6.45197,2.06509,130
2907,3.26908,4.08333,40.0191,8.15626,2.09667,131
2908,3.28374,4.08333,40.0337,6.57219,2.42022,131
2909,3.29732,4.08333,40.0473,6.54317,2.08486,131
2910,3.31054,4.08333,40.0605,6.55405,2.09741,131
2911,3.32335,4.08333,40.0734,6.57184,2.09504,131
2912,3.33642,4.08333,40.0864,7.6776,2.7152,131
2913,3.35179,4.08333,40.1018,6.52243,2.08282,131
2914,3.36574,4.08333,40.1157,6.77933,2.08896,130
2915,3.37878,4.08333,40.1288,7.00867,2.08643,130
2916,3.39223,4.08333,40.1422,6.52538,2.09174,133
2917,3.4053,4.08333,40.1553,6.51434,3.17693,128
2918,3.42032,4.08333,40.1703,6.49466,2.38218,127
2919,3.43426,4.08333,40.1843,6.46381,2.07002,122
2920,3.44786,4.08333,40.1979,6.56163,2.10534,121
2921,3.46269,4.08333,40.2127,6.57021,2.08736,128
2922,3.47631,4.08333,40.2263,7.76278,2.0919,133
2923,3.49588,4.08333,40.2459,5.88931,2.06893,127
2924,3.5119,4.08333,40.2619,6.3056,2.55949,120
2925,3.52653,4.08333,40.2765,6.41248,2.51942,118
2926,3.54096,4.08333,40.291,6.95325,2.0776,116
2927,3.55634,4.08333,40.3063,6.93078,2.08298,115
2928,3.57048,4.08333,40.3205,6.48147,2.57043,117
2929,3.58433,4.08333,40.3343,6.88198,2.0607,119
2930,3.5994,4.08333,40.3494,7.18355,2.15075,120
2931,3.61658,4.08333,40.3666,6.72691,2.17392,120
2932,3.63057,4.08333,40.3806,6.75334,2.67286,122
2933,3.64513,4.08333,40.3951,7.45923,2.15107,121
2934,3.66085,4.08333,40.4109,7.19706,2.66874,121
2935,3.67727,4.08333,40.4273,7.09094,2.66352,122
2936,3.69293,4.08333,40.4429,7.13667,2.136,120
2937,3.70753,4.08333,40.4575,6.88787,2.13562,118
2938,3.7214,4.08333,40.4714,6.77293,2.63994,121
2939,3.7362,4.08333,40.4862,7.20739,2.18717,120
2940,3.75158,4.08333,40.5016,7.21302,2.15485,119
2941,3.76641,4.08333,40.5164,6.66272,2.15206,119
2942,3.78041,4.08333,40.5304,6.68349,2.67078,120
2943,3.79572,4.08333,40.5457,6.79926,2.04688,120
2944,3.80988,4.08333,40.5599,6.34163,2.04659,121
2945,3.82354,4.08333,40.5735,6.43021,2.04627,121
2946,3.83642,4.08333,40.5864,6.37722,2.0521,121
2947,3.84918,4.08333,40.5992,6.3433,2.048,121
2948,3.86231,4.08333,40.6123,6.62541,2.05027,118
2949,3.87554,4.08333,40.6255,6.35789,2.05635,118
2950,3.8889,4.08333,40.6389,6.37891,2.04928,118
2951,3.90192,4.08333,40.6519,6.38682,2.04464,120
2952,3.9149,4.08333,40.6649,6.35984,2.05491,121
2953,3.92832,4.08333,40.6783,6.5768,2.04013,119
2954,3.94102,4.08333,40.691,6.31034,2.04541,124
2955,3.95429,4.08333,40.7043,6.58352,2.04131,124
2956,3.96725,4.08333,40.7173,6.33984,2.04333,129
2957,3.97976,4.08333,40.7298,6.38394,2.06234,121
2958,3.99246,4.08333,40.7425,6.39978,2.06637,119
2959,4.00508,4.08333,40.7551,6.51658,2.11958,119
2960,4.01875,4.08333,40.7687,6.58998,2.11408,128
2961,4.03179,4.08333,40.7818,6.76752,2.0951,129
2962,4.04517,4.08333,40.7952,6.52688,2.10397,130
2963,4.0581,4.08333,40.8081,6.50592,2.09629,131
2964,4.07105,4.08333,40.821,6.30605,2.0849,130
2965,0.000966072,4.08333,40.8343,6.61946,2.43075,131
2966,0.014924,4.08333,40.8483,6.58669,2.09354,130
2967,0.0283022,4.08333,40.8616,6.49507,2.08704,129
2968,0.0412416,4.08333,40.8746,6.47066,2.59616,132
2969,0.0558023,4.08333,40.8891,6.30522,2.06262,130
2970,0.0700006,4.08333,40.9033,6.87136,2.0767,131
2971,0.0838099,4.08333,40.9171,6.55584,2.52259,131
2972,0.0971117,4.08333,40.9304,7.02221,2.13597,131
2973,0.110929,4.08333,40.9443,6.49491,2.78554,131
2974,0.125138,4.08333,40.9585,6.70486,2.11638,131
2975,0.139627,4.08333,40.973,7.07491,2.11558,131
2976,0.153466,4.08333,40.9868,6.64147,2.60627,131
2977,0.167153,4.08333,41.0005,7.24048,2.09987,131
2978,0.182504,4.08333,41.0158,6.59968,2.11558,130
2979,0.195893,4.08333,41.0292,6.59091,2.11786,131
2980,0.209062,4.08333,41.0424,6.58493,2.10262,129
2981,0.223123,4.08333,41.0565,6.65616,2.60262,131
2982,0.236897,4.08333,41.0702,6.01597,2.11795,131
2983,0.251664,4.08333,41.085,6.71011,2.12013,132
2984,0.265244,4.08333,41.0986,6.55491,2.12122,132
2985,0.278588,4.08333,41.1119,6.76973,2.62048,132
2986,0.292222,4.08333,41.1256,6.09846,2.17085,134
2987,0.305165,4.08333,41.1385,6.74893,2.46074,133
2988,0.319581,4.08333,41.1529,6.73674,2.17277,132
2989,0.333131,4.08333,41.1665,6.71632,2.17078,131
2990,0.346284,4.08333,41.1796,6.76598,2.15539,131
2991,0.360036,4.08333,41.1934,7.41578,2.16288,132
2992,0.37486,4.08333,41.2082,6.64042,2.84451,132
2993,0.38897,4.08333,41.2223,6.60928,2.67072,133
2994,0.403028,4.08333,41.2364,7.15606,2.14336,133
2995,0.416844,4.08333,41.2502,6.64598,2.64848,135
2996,0.431291,4.08333,41.2646,6.58941,2.68493,135
2997,0.446542,4.08333,41.2799,7.25626,2.13568,129
2998,0.461095,4.08333,41.2944,6.63376,2.1569,124
2999,0.474477,4.08333,41.3078,6.63258,2.64707,133
3000,0.48906,4.08333,41.3224,6.34758,2.52058,133
3001,0.504621,4.08333,41.338,6.84589,2.05005,131
3002,0.519826,4.08333,41.3532,6.47872,2.05005,131
3003,0.533643,4.08333,41.367,6.4935,2.04851,130
